Word,ReadingKana,Occurences,ReadingFrequency,PitchPositions,Status,SupportStrength,MatchCount,MatchExamples,Definitions,ExampleSentence,JmDictWordId
先生,せんせい,214,309,3,supported_exact,1,1,pokemon-scarlet-violet:term:先生(せんせい) via entry/front exact,"teacher,instructor,master,sensei,title or form of address for a teacher, master, doctor, lawyer, etc.,intimate or teasing form of address,one's elder",正直に書いてもらえるとジニア**先生**は大よろこびです使いやすいです！,1387990
勝負,しょうぶ,206,1018,1,supported_exact,1,1,pokemon-scarlet-violet:term:勝負(しょうぶ) via entry/front exact,"victory or defeat,match,contest,game,bout,showdown",がもっともっともと強くなってさいっぱいいぱい**勝負**できたらうれしいな！,1346230
学校,がっこう,151,648,0,supported_exact,1,1,pokemon-scarlet-violet:term:学校(がっこう) via entry/front exact,school,・約１０００年前・約２０００年前・約３０００年前４この**学校**は創立何年？,1206730
来る,くる,139,64,1,supported_exact,1,1,pokemon-scarlet-violet:term:来る(くる) via entry/front exact,"to come (spatially or temporally),to approach,to arrive,to come back,to do ... and come back,to come to be,to become,to get,to grow,to continue,to come from,to be caused by,to derive from,to come to (e.g. ""when it comes to spinach ..."")",あーあまた誰か**来ちゃった**よスター団の新人ってこんなにめんどいんだ…。,1547720
技,わざ,135,2665,1,supported_exact,1,1,pokemon-scarlet-violet:term:技(わざ) via entry/front exact,"technique,art,skill,move",がリーグに挑んでる間ポケモンの**技**の組み合わせ全パターン見なおさないと！,1225090
強い,つよい,121,239,2,supported_exact,1,1,pokemon-scarlet-violet:term:強い(つよい) via entry/front exact,"strong,potent,competent,domineering,tough,strong,brawny,powerful,healthy,rugged,good (at),skilled,knowledgeable,being able to handle,know how to deal (with),durable (against),resistant (to),resilient,firm,rigid,solid,intense,strong,fierce,high,dependable,trustworthy",スター団で一番**強い**ボスさトレーナーでいうトップチャンピオン的な？,1236070
行く,いく,115,55,0,supported_exact,1,1,pokemon-scarlet-violet:term:行く(いく) via entry/front exact,"to go,to move (towards),to head (towards),to leave (for),to move through,to travel across,to walk along (e.g. a road),to go (well, badly, etc.),to proceed,to turn out,to get along,to do (in a particular way),to go (with; a choice),to try,to pass (of time, seasons, etc.),to go by,to stream,to flow,to die,to pass away,to reach (a stage, extent, age, etc.),to get to,to go (so far as ...),to reach (of information, instructions, wind, etc.),to arrive,to continue ...,to go on ...,to (progress) steadily,to gradually ...,to progressively ...,to have an orgasm,to come,to cum,to trip,to get high,to have a drug-induced hallucination",灯台先に**行っててー**！,1578850
戦う,たたかう,111,798,0,supported_exact,1,1,pokemon-scarlet-violet:term:戦う(たたかう) via entry/front exact,"to make war (on),to wage war (against),to go to war (with),to fight (with),to do battle (against),to compete (against),to struggle (against adversities, etc.),to fight,to contend,to resist",すげーポケモンと**戦えるって**教えたら秒で来た学校では小うるさいだけだけどたよりになりそうだなおー？,1596960
持つ,もつ,105,108,1,supported_exact,1,2,duel-masters-dm25:term:持つ(もつ) via entry/front exact | pokemon-scarlet-violet:term:持つ(もつ) via entry/front exact,"to hold (in one's hand),to take,to carry,to possess,to have,to own,to maintain,to keep,to last,to be durable,to keep,to survive,to take charge of,to be in charge of,to hold (meeting, etc.),to have (opportunity, etc.),to have ""it"",to have that special something,to be blessed with good luck",ただでは帰さないオレのお気に入りも**持ってっとけ**言っとくけどオマエすっげーすっげームカつくかんな！,1315720
使う,つかう,99,152,0,supported_exact,1,1,pokemon-scarlet-violet:term:使う(つかう) via entry/front exact,"to use (a tool, method, etc.),to make use of,to put to use,to use (a person, animal, puppet, etc.),to employ,to handle,to manage,to manipulate,to use (time, money, etc.),to spend,to consume,to use (language),to speak",ポケモンが自分のタイプと同じ技を**使う**とその威力は１．５倍になります。,1305990
作る,つくる,96,172,2,supported_exact,1,1,pokemon-scarlet-violet:term:作る(つくる) via entry/front exact,"to make,to produce,to manufacture,to build,to construct,to prepare (food),to brew (alcohol),to raise,to grow,to cultivate,to train,to till,to draw up (a document),to make out,to prepare,to write,to create (an artistic work, etc.),to compose,to coin (a phrase),to organize,to organise,to establish,to found,to have (a child),to make up (one's face, etc.),to fabricate (an excuse, etc.),to give a (false) appearance,to feign (a smile, etc.),to put on a show of emotion,to form (a line, etc.),to set (a record),to commit (a sin, etc.)",**作って**食わせてやるからな！,1597890
授業,じゅぎょう,90,1842,1,supported_exact,1,1,pokemon-scarlet-violet:term:授業(じゅぎょう) via entry/front exact,"lesson,class,teaching,instruction,classwork,schoolwork",なかなかどうして小賢しい**授業**をしっかり聞いているようだ……不正解！,1330290
知る,しる,87,67,0,supported_exact,1,1,pokemon-scarlet-violet:term:知る(しる) via entry/front exact,"to know,to be aware (of),to be conscious (of),to learn (of),to find out,to discover,to sense,to feel,to notice,to realize,to understand,to comprehend,to grasp,to appreciate,to remember,to be familiar with,to be acquainted with,to experience,to go through,to know (e.g. hardship),to get acquainted with (a person),to get to know,to have to do with,to be concerned with,to be one's concern,to be one's responsibility",ネット通販は苦手でね現物を見てから買いたいのよ**知ってる**か？,1420470
自分,じぶん,86,72,0,supported_exact,1,2,duel-masters-dm25:term:自分(じぶん) via entry/front exact | pokemon-scarlet-violet:term:自分(じぶん) via entry/front exact,"myself,yourself,oneself,himself,herself,I,me,you",ポケモンが**自分**のタイプと同じ技を使うとその威力は１．５倍になります。,1318610
生徒,せいと,82,1721,1,supported_exact,1,1,pokemon-scarlet-violet:term:生徒(せいと) via entry/front exact,"pupil,student,schoolchild",本校の**生徒**はみーんないい子で助かってますのよさすがパルデア最大の都市！,1379380
博士,はかせ,82,7925,1,supported_exact,1,1,pokemon-scarlet-violet:term:博士(はかせ) via entry/front exact,"expert,learned person,doctor,PhD,Dr.,instructor at the imperial court (ritsuryō period),pitch and length marks (to accompany a Buddhist liturgical chant, etc.)",この学校有名な**博士**の息子さんが在学中らしいねやっぱり頭いいのかな…。？,1474620
買う,かう,74,287,0,supported_exact,1,1,pokemon-scarlet-violet:term:買う(かう) via entry/front exact,"to buy,to purchase,to value (highly),to think highly of,to have a high opinion of,to appreciate,to recognize,to incur (someone's anger, displeasure, etc.),to elicit (e.g. sneers),to invite (e.g. scorn),to evoke,to arouse,to win (someone's favour),to accept,to take on,to take up,to pay for (a prostitute, geisha, etc.)",いやそれ超プレッシャーだしボクが反感**買ってた**理由は生徒会長してたから知ってるっしょ？,1473740
会う,あう,68,135,1,supported_exact,1,1,pokemon-scarlet-violet:term:会う(あう) via entry/front exact,"to meet,to encounter,to see,to have an accident,to have a bad experience",どく組ボスのシュウメイ殿に**会いたい**んだ！,1198180
力,ちから,68,289,3,supported_exact,1,1,pokemon-scarlet-violet:term:力(ちから) via entry/front exact,"force,strength,might,vigour,vigor,energy,capability,ability,proficiency,capacity,faculty,efficacy,effect,effort,endeavours,endeavors,exertions,power,authority,influence,good offices,agency,support,help,aid,assistance,stress,emphasis,means,resources",自分らしくのびのびと**力**を発揮してくださいねえわあ強いですねえ！,1554820
集める,あつめる,67,809,3,supported_exact,1,1,pokemon-scarlet-violet:term:集める(あつめる) via entry/front exact,"to collect,to assemble,to gather",ジムバッジを**集めて**ポケモンリーグに挑戦するんだね！？,1333560
相手,あいて,66,221,3,supported_exact,1,2,duel-masters-dm25:term:相手(あいて) via entry/front exact | pokemon-scarlet-violet:term:相手(あいて) via entry/front exact,"companion,partner,company,other party,addressee,counterparty,opponent (sports, etc.)",けどわたしチャンピオンだから**相手**を思いやって我慢するよ…。,1401000
元気,げんき,63,340,1,supported_exact,1,1,pokemon-scarlet-violet:term:元気(げんき) via entry/front exact,"lively,full of spirit,energetic,vigorous,vital,spirited,healthy,well,fit,in good health",それが本当ならかわいそうどうにかして**元気**になってもらいたい！,1260720
準備,じゅんび,63,497,1,supported_exact,1,1,pokemon-scarlet-violet:term:準備(じゅんび) via entry/front exact,"preparation,arrangements,getting ready,provision,setup,reserving",時ハ満ちタ夢ノ礎トナリタまエ僕ノ楽園ハ壊セなイ殲滅**準備**ヲ開始スル…。,1341670
楽しい,たのしい,62,305,3,supported_exact,1,1,pokemon-scarlet-violet:term:楽しい(たのしい) via entry/front exact,"enjoyable,fun,pleasant,happy,delightful",覚えさせた技とか育て方とかさそうです違いますふーんキミってアカデミー行ってて**楽しかったり**するの？,1207240
捕まえる,つかまえる,62,1333,0,supported_exact,1,1,pokemon-scarlet-violet:term:捕まえる(つかまえる) via entry/front exact,"to catch,to capture,to arrest,to seize,to restrain,to grab,to clutch,to grasp,to seize,to hold on to,to catch hold of (someone),to stop (e.g. a stranger in the street),to hail (a taxi, waiter, etc.),to hold (someone) back,to detain,towards (someone),at (someone),in (someone's) face",町まで買いにいくのはだるいしねポケモン**捕まえよう**としたらボールがなくて逃げられちゃった！,1597780
料理,りょうり,62,940,1,supported_exact,1,1,pokemon-scarlet-violet:term:料理(りょうり) via entry/front exact,"cooking,cookery,cuisine,food,dish,dealing with (skillfully),handling (well),managing",食堂の**料理**はここの畑で作られた食材で作ってるんだよお次は何を育てようかな？,1554310
負ける,まける,61,463,0,supported_exact,1,1,pokemon-scarlet-violet:term:負ける(まける) via entry/front exact,"to lose,to be defeated,to be beaten,to give in (to),to yield,to succumb,to give way,to surrender,to be overcome (with),to be inferior (to),to be second (to),to be outdone (by),to get a rash (from),to come out in a rash,to reduce the price,to give a discount,to throw in (something extra) for free",さもなくばアタシに**負けていき**なよ！,1497980
一緒に,いっしょに,60,125,,supported_exact,1,1,pokemon-scarlet-violet:term:一緒に(いっしょに) via entry/front exact,"together (with),at the same time,in one lump,in the same category",**一緒に**歩いて冒険するともとなかよしさんになれますあ！,1163420
教える,おしえる,60,199,0,supported_exact,1,1,pokemon-scarlet-violet:term:教える(おしえる) via entry/front exact,"to teach,to instruct,to tell,to inform,to show,to preach",,1236900
宝,たから,59,5511,3,supported_exact,1,1,pokemon-scarlet-violet:term:宝(たから) via entry/front exact,treasure,……クラベル先生が言ってた課外授業自分だけの**宝**探し覚えてる？,1516160
本当,ほんとう,59,140,0,supported_exact,1,1,pokemon-scarlet-violet:term:本当(ほんとう) via entry/front exact,"truth,reality,actuality,fact,proper,right,correct,official,genuine,authentic,real,natural,veritable",興味深い答えだが**本当**にあったらオーパーツものだ正解は財宝だよそう！,1523060
中,なか,58,91,1,supported_exact,1,1,pokemon-scarlet-violet:term:中(なか) via entry/front exact,"inside,interior,among,within,middle,center,centre,during,while,middle,midst,amid,interval,gap,mean,average,second (of three, e.g. sons, volumes),middle,medium grade,medium quality,red-light district",この学校有名な博士の息子さんが在学**中**らしいねやっぱり頭いいのかな…。？,1423310
挑戦,ちょうせん,55,2799,0,supported_exact,1,2,duel-masters-dm25:term:挑戦(ちょうせん) via entry/front exact | pokemon-scarlet-violet:term:挑戦(ちょうせん) via entry/front exact,"challenge,defiance,dare,attempt,try",クワッスで**挑戦したら**ボロ負け！,1428240
最後,さいご,54,240,1,supported_exact,1,1,pokemon-scarlet-violet:term:最後(さいご) via entry/front exact,"end,conclusion,last,final,latest,most recent,no sooner than,once,right after (often having negative consequences),one's final moments",すみませんそうでしたねそれでは**最後**の質問ですさんポケモンは好きですか？,1293810
地方,ちほう,54,4630,0,supported_exact,1,1,pokemon-scarlet-violet:term:地方(ちほう) via entry/front exact,"district,region,area,locality,the country,countryside,the provinces,rural area,civilian society",パルデア**地方**ではチャンピオンランクに年齢制限や人数制限はございません。,1421450
今回,こんかい,53,449,1,supported_exact,1,1,pokemon-scarlet-violet:term:今回(こんかい) via entry/front exact,"this time,now",強くなってそうだし**今回**は２匹でいかせてもらうね！,1289070
次,つぎ,52,198,2,supported_exact,1,1,pokemon-scarlet-violet:term:次(つぎ) via entry/front exact,"next,following,subsequent,stage,station",気持ち切り替えて**次**の試験や二次試験は四天王とのポケモン勝負…。,1316380
倒す,たおす,51,1194,2,supported_exact,1,1,pokemon-scarlet-violet:term:倒す(たおす) via entry/front exact,"to throw down,to bring down,to blow down,to fell,to knock down,to set (something) down on its side,to turn (something) on its side,to recline (e.g. a seat),to kill,to defeat,to beat,to overthrow,to trip up,to ruin,to leave unpaid,to cheat,to do completely,to do thoroughly,to do to the fullest",,1445770
生物,せいぶつ,50,3813,2,supported_exact,1,1,pokemon-scarlet-violet:term:生物(せいぶつ) via entry/front exact,"living thing,organism,creature,life,biology",**生物**室の水道は何故だかホースがついている！,1379430
謎,なぞ,50,1504,0,supported_exact,1,1,pokemon-scarlet-violet:term:謎(なぞ) via entry/front exact,"riddle,puzzle,enigma,mystery,enigmatic,mysterious",ただ何故ハリテヤマを模した姿になったのかは**謎**につつまれているのだ。,1459690
場所,ばしょ,49,244,0,supported_exact,1,1,pokemon-scarlet-violet:term:場所(ばしょ) via entry/front exact,"place,location,spot,position,area,room,space,sumo tournament",ポケモンをつれ歩いちゃダメな**場所**もありますどなたかわかりますかねえ？,1355850
必要,ひつよう,49,250,0,supported_exact,1,1,pokemon-scarlet-violet:term:必要(ひつよう) via entry/front exact,"necessary,needed,essential,indispensable,necessity,need,requirement",ええとキズぐすりとどくけしとまひなおしを買ってこおりなおしも**必要**かな？,1487660
進化,しんか,47,4762,1,supported_exact,1,2,duel-masters-dm25:term:進化(しんか) via entry/front exact | pokemon-scarlet-violet:term:進化(しんか) via entry/front exact,"evolution,evolution,becoming more advanced,progress,development,improvement",カルボウ育てて**進化させる**その火力をスターモービルに使うスター大作戦まで残りわずか間に合うでござるか？,1366000
言葉,ことば,45,252,3,supported_exact,1,1,pokemon-scarlet-violet:term:言葉(ことば) via entry/front exact,"language,dialect,word,phrase,expression,term,speech,(manner of) speaking,(use of) language,words,remark,statement,comment,learning to speak,language acquisition",彼が表彰台から放った**言葉**にライバルたちもやる気がみなぎる！,1264540
出る,でる,45,81,1,supported_exact,1,2,duel-masters-dm25:term:出る(でる) via entry/front exact | pokemon-scarlet-violet:term:出る(でる) via entry/front exact,"to leave,to exit,to go out,to come out,to get out,to leave (on a journey),to depart,to start out,to set out,to move forward,to come to,to get to,to lead to,to reach,to appear,to come out,to emerge,to surface,to come forth,to turn up,to be found,to be detected,to be discovered,to be exposed,to show,to be exhibited,to be on display,to appear (in print),to be published,to be announced,to be issued,to be listed,to come out,to attend,to participate,to take part,to enter (an event),to play in,to perform,to be stated,to be expressed,to come up,to be brought up,to be raised,to sell,to exceed,to go over,to stick out,to protrude,to break out,to occur,to start,to originate,to be produced,to come from,to be derived from,to be given,to get,to receive,to be offered,to be provided,to be presented,to be submitted,to be handed in,to be turned in,to be paid,to answer (phone, door, etc.),to get,to assume (an attitude),to act,to behave,to pick up (speed, etc.),to gain,to flow (e.g. tears),to run,to bleed,to graduate,to ejaculate,to cum",,1338240
大事,だいじ,44,328,"1,3,0",supported_exact,1,1,pokemon-scarlet-violet:term:大事(だいじ) via entry/front exact,"important,serious,crucial,valuable,precious,serious matter,major incident,matter of grave concern,crisis,great undertaking,great enterprise,great thing,safe,OK",生徒たちがいだいている問題や行動理由そして**大事な**絆…。,1413940
校長,こうちょう,43,11859,0,supported_exact,1,1,pokemon-scarlet-violet:term:校長(こうちょう) via entry/front exact,"principal,head teacher,headmaster,headmistress",今の紳士はねアカデミーの前の**校長**？,1279590
勝つ,かつ,42,530,1,supported_exact,1,1,pokemon-scarlet-violet:term:勝つ(かつ) via entry/front exact,"to win,to gain victory",,1346150
新しい,あたらしい,42,365,4,supported_exact,1,1,pokemon-scarlet-violet:term:新しい(あたらしい) via entry/front exact,"new,novel,fresh,recent,latest,up-to-date,modern",引っ越しのときに買いかえた**新しい**冷蔵庫！,1361490
出す,だす,41,148,2,supported_exact,1,2,duel-masters-dm25:term:出す(だす) via entry/front exact | pokemon-scarlet-violet:term:出す(だす) via entry/front exact,"to take out,to get out,to put out,to reveal,to show,to submit (e.g. thesis),to turn in,to publish,to make public,to send (e.g. letter),to produce (a sound),to start (fire),to serve (food),... out (e.g. to jump out, to carry out),to begin ...,to start to ...,to burst into ...",動かねえなら動くようにすりゃいいパワー不足なら**出せば**いいだろでもどうするの？,1338180
図鑑,ずかん,41,18465,0,supported_exact,1,1,pokemon-scarlet-violet:term:図鑑(ずかん) via entry/front exact,"pictorial book,picture book,illustrated reference book,identification manual,field guide",わたしの質問に**図鑑**の完成を目指すって言ってくれたよね！,1370370
未来,みらい,41,853,1,supported_exact,1,1,pokemon-scarlet-violet:term:未来(みらい) via entry/front exact,"(distant) future,future existence,world beyond the grave,the world to come,future (tense)",ミライドンが**未来**のポケモンどうりで見たことないはずだよ！,1528060
名前,なまえ,41,251,0,supported_exact,1,1,pokemon-scarlet-violet:term:名前(なまえ) via entry/front exact,"name,given name,first name",分厚い本には歴代の生徒の**名前**や在学時期がびっしりと書かれている！,1531710
研究,けんきゅう,40,1931,0,supported_exact,1,1,pokemon-scarlet-violet:term:研究(けんきゅう) via entry/front exact,"research,study,investigation",モニターにはいろいろな**研究**データが表示されている！,1258520
勉強,べんきょう,40,774,0,supported_exact,1,1,pokemon-scarlet-violet:term:勉強(べんきょう) via entry/front exact,"study,diligence,working hard,experience,knowledge,lesson (for the future),discount,price reduction",自分の部屋より教室で**勉強する**ほうがはかどるね夜だとゴーストタイプのポケモン多くない？,1512670
何,なに,39,89,"0,1",supported_exact,1,1,pokemon-scarlet-violet:term:何(なに) via entry/front exact,"what,you-know-what,that thing,whatsit,whachamacallit,what's-his-name,what's-her-name,penis,(one's) thing,dick,(not) at all,(not) in the slightest,what?,huh?,hey!,come on!,oh, no (it's fine),why (it's nothing),oh (certainly not)",……そういえば今ごろペパーは**何**してるんだろ？,1577100
回復,かいふく,39,1959,0,supported_exact,1,1,pokemon-scarlet-violet:term:回復(かいふく) via entry/front exact,"restoration,recovery,rehabilitation,return,improvement,recovery (from an illness),recuperation,convalescence",うちの子どこでもすぐ寝ちゃうのよねポケモンの技『ねむる』で体力**回復してる**のかしら？,1199720
この先,このさき,38,1257,0,supported_exact,1,1,pokemon-scarlet-violet:term:この先(このさき) via entry/front exact,"beyond this point,ahead,from now on,after this,in the future",**この先**は西門だよセルクルタウンに行くなら西門！,1725280
帰る,かえる,38,114,1,supported_exact,1,1,pokemon-scarlet-violet:term:帰る(かえる) via entry/front exact,"to return,to come home,to go home,to go back,to leave (of a guest, customer, etc.),to get home,to get to home plate",ごめんね**帰ってくれない**なら追い返さないといけないんだよあれーもしかしてだけどアンタ？,1221270
気持ち,きもち,38,215,0,supported_exact,1,1,pokemon-scarlet-violet:term:気持ち(きもち) via entry/front exact,"feeling,sensation,mood,state of mind,preparedness,readiness,attitude,thought,sentiment,consideration,solicitude,gratitude,slightly,a bit,a little",シーツとママのエプロンが**気持ち**よさそうになびいている！,1591430
大会,たいかい,38,2953,0,supported_exact,1,1,pokemon-scarlet-violet:term:大会(たいかい) via entry/front exact,"mass meeting,convention,rally,conference,assembly,gathering,tournament,competition,contest,meet,grand event",絶対零度トリックと呼ばれるあの選手がフリッジタウン**大会**でも見事優勝！,1413180
戻る,もどる,38,164,2,supported_exact,1,1,pokemon-scarlet-violet:term:戻る(もどる) via entry/front exact,"to turn back (e.g. half-way),to return,to go back,to recover (e.g. something lost),to be returned,to rebound,to spring back",オレにはボウジロウがあんたに**戻ってきて**ほしいと言ってるように…。,1535880
大作戦,だいさくせん,37,20235,,supported_exact,1,1,pokemon-scarlet-violet:term:大作戦(だいさくせん) via entry/front exact,"large-scale operation,large-scale campaign,major mission",そのくらいにしとこうぜそろそろ時間だもんいよいよだねスター**大作戦**…。,2847770
大丈夫,だいじょうぶ,37,101,3,supported_exact,1,2,pokemon-scarlet-violet:term:大丈夫(だいじょうぶ) via entry/front exact | pokemon-scarlet-violet:term:大丈夫？(だいじょうぶ？) via entry/front exact,"safe,secure,sound,problem-free,without fear,all right,alright,OK,okay,certainly,surely,undoubtedly,no thanks,I'm good,that's alright,great man,fine figure of a man",なら絶対チャンピオンランクになる残りのジムも絶対ぜたい**大丈夫**だから！,1414150
探す,さがす,37,399,0,supported_exact,1,1,pokemon-scarlet-violet:term:探す(さがす) via entry/front exact,"to search for,to look for,to hunt for,to seek,to search (a house, pocket, etc.),to search through,to rummage in (e.g. a drawer),to fish around",この子はあんたを**探して**アジトに来たみたいだぜおまえ…。,1593670
目指す,めざす,37,1004,2,supported_exact,1,1,pokemon-scarlet-violet:term:目指す(めざす) via entry/front exact,"to aim at (for, to do, to become),to try for,to have an eye on,to go toward,to head for",チャンピオン**目指そって**言ったらチャンピオンになってくれたんだー何それヤバ…。,1535440
友達,ともだち,37,511,0,supported_exact,1,1,pokemon-scarlet-violet:term:友達(ともだち) via entry/front exact,"friend,companion",大切な**友達**とみんなで撮った思い出の写真だ！,1540170
見つける,みつける,36,333,0,supported_exact,1,1,pokemon-scarlet-violet:term:見つける(みつける) via entry/front exact,"to find,to discover,to come across,to spot,to catch (someone doing),to be used to seeing,to be familiar with",,1604570
時間,じかん,36,171,0,supported_exact,1,1,pokemon-scarlet-violet:term:時間(じかん) via entry/front exact,"time,hour,period,class,lesson",そのくらいにしとこうぜそろそろ**時間**だもんいよいよだねスター大作戦…。,1315920
絶対,ぜったい,36,232,0,supported_exact,1,1,pokemon-scarlet-violet:term:絶対(ぜったい) via entry/front exact,"absolutely,definitely,unconditionally,absolute,unconditional,unmistakable,absoluteness",なら**絶対**チャンピオンランクになる残りのジムも絶対ぜたい大丈夫だから！,1386840
合格,ごうかく,35,3406,0,supported_exact,1,1,pokemon-scarlet-violet:term:合格(ごうかく) via entry/front exact,"passing (an exam),pass,success,passing grade,meeting (specifications, standards, etc.),passing (inspection),qualification,being found eligible",ポケモンリーグで実施しているテストに**合格すれば**なることができます。,1284600
最近,さいきん,35,396,0,supported_exact,1,1,pokemon-scarlet-violet:term:最近(さいきん) via entry/front exact,"recently,lately,these days,nowadays,right now,nearest,closest",棚には期限の切れた調味料が置かれているコンロには**最近**使われた跡がある！,1293780
食堂,しょくどう,35,4611,0,supported_exact,1,1,pokemon-scarlet-violet:term:食堂(しょくどう) via entry/front exact,"dining room,dining hall,cafeteria,canteen,messroom,restaurant,eatery,snack bar,diner",宝**食堂**で注文間違いすぎてお腹パンパン…。,1358550
転入生,てんにゅうせい,35,30555,,supported_exact,1,1,pokemon-scarlet-violet:term:転入生(てんにゅうせい) via entry/front exact,transfer student,このような大会が開かれるきっかけとなった**転入生**に感謝だ！,1943410
歴史,れきし,35,1976,0,supported_exact,1,1,pokemon-scarlet-violet:term:歴史(れきし) via entry/front exact,history,貴様とポケモンの**歴史**どんなものか試してやろうヤダヤバうっそー！,1558050
最強,さいきょう,34,2452,0,supported_exact,1,1,web-giapponese:term:最強(さいきょう) via entry/front exact,strongest,**最強**の試験官と戦って勝てばチャンピオンになれるんだよ！,1293770
始める,はじめる,34,303,0,supported_exact,1,1,pokemon-scarlet-violet:term:始める(はじめる) via entry/front exact,"to start,to begin,to commence,to initiate,to originate,to start up (a business, society, etc.),to open (e.g. a store),to establish,to start ...,to begin to ...",勉強疲れがいやされるぅーモトトカゲセラピー**始めました**！,1307550
大変,たいへん,34,255,0,supported_exact,1,1,pokemon-scarlet-violet:term:大変(たいへん) via entry/front exact,"very,greatly,terribly,awfully,immense,enormous,great,serious,grave,dreadful,terrible,difficult,hard,challenging,major incident,disaster",**大変**失礼いたしましたこのおかたはどちらさまなのでしょう？,1415000
冒険,ぼうけん,34,4963,0,supported_exact,1,1,pokemon-scarlet-violet:term:冒険(ぼうけん) via entry/front exact,"adventure,venture,venture which is unlikely to succeed,risky attempt,danger,hazard,risk",ささっきの博士なんかヤバかったね**冒険**をワクワクさせる演出だったのかも！？,1519830
古代,こだい,33,8080,1,supported_exact,1,1,pokemon-scarlet-violet:term:古代(こだい) via entry/front exact,"ancient times,distant past,antiquity",**古代**に生息した翼竜の魂から生まれたゴーストという説もある。,1265760
高い,たかい,33,380,2,supported_exact,1,1,pokemon-scarlet-violet:term:高い(たかい) via entry/front exact,"high,tall,expensive,high-priced,high (level),above average (in degree, quality, etc.),loud,high-pitched,shrill",金属質の装甲や**高い**知性から１０億年後のバンギラスと噂されている。,1283190
姿,すがた,33,371,1,supported_exact,1,1,pokemon-scarlet-violet:term:姿(すがた) via entry/front exact,"figure,form,shape,appearance,dress,guise,state,condition,picture,image,form (of a waka),dressed in ...,wearing ...",ただ何故ハリテヤマを模した**姿**になったのかは謎につつまれているのだ。,1307710
質問,しつもん,33,1043,0,supported_exact,1,1,pokemon-scarlet-violet:term:質問(しつもん) via entry/front exact,"question,inquiry,enquiry",すみませんそうでしたねそれでは最後の**質問**ですさんポケモンは好きですか？,1320760
食事,しょくじ,33,949,0,supported_exact,1,1,pokemon-scarlet-violet:term:食事(しょくじ) via entry/front exact,"meal (e.g. lunch, dinner),diet",タイプも変わるんだって果物に擬態しているポケモンもいるらしいのご飯を食べて**食事**パワー！,1358490
選ぶ,えらぶ,33,434,2,supported_exact,1,2,duel-masters-dm25:term:選ぶ(えらぶ) via entry/front exact | pokemon-scarlet-violet:term:選ぶ(えらぶ) via entry/front exact,"to choose,to select,to pick (out)",わたしも１匹**選んで**いいですか？,1588730
効果,こうか,32,1653,1,supported_exact,1,2,duel-masters-dm25:term:効果(こうか) via entry/front exact | pokemon-scarlet-violet:term:効果(こうか) via entry/front exact,"effect,effectiveness,efficacy,result,effects (e.g. sound effects, visual effects, special effects)",相手にとって弱点のタイプ技をくりだせば**効果**はバツグン！,1275130
中,ちゅう,32,339,1,supported_exact,1,1,duel-masters-dm25:grammar:～中(ちゅう) via entry/front exact,"medium (size),average (grade, level, etc.),middle,in,within,out of (e.g. ten people),among,during,while,in (the course of),within (a period),throughout,currently (doing),in the process of,in the middle of,under (e.g. construction, investigation),middle way,moderation,second volume (of three),junior high school,middle school,China",正直すぎてちょっとビックリ指名手配**中**のヤツほど違うって言うからね…。！,1620400
感謝,かんしゃ,31,689,1,supported_exact,1,1,pokemon-scarlet-violet:term:感謝(かんしゃ) via entry/front exact,"thanks,gratitude,appreciation,thankfulness",チャンピオンネモお誘い**感謝**です私でよければぜひ参加させていただきたいのですが…。,1212380
状態,じょうたい,31,672,0,supported_exact,1,2,duel-masters-dm25:term:状態(じょうたい) via entry/front exact | pokemon-scarlet-violet:term:状態(じょうたい) via entry/front exact,"state,condition,situation,appearance,circumstances",とは最高の**状態**で戦いたいしだから勝負はおあずけだよ…。,1356730
食材,しょくざい,31,4482,0,supported_exact,1,1,pokemon-scarlet-violet:term:食材(しょくざい) via entry/front exact,"foodstuff,ingredient",どんな服を着るかで１日が変わるよなキズぐすりに**食材**にモンスターボール！,1983500
組,くみ,31,1993,2,supported_exact,1,1,pokemon-scarlet-violet:term:組(くみ) via entry/front exact,"class (of students),group (of people),party,team,crew,lot,bunch,set,crime family,organized-crime syndicate,set (of items),assortment,deck (of cards),pack,typesetting,composition",マジボスが戻るまでかくとう**組**チーム・カーフをスター団を守らないと…。,1397450
存在,そんざい,31,502,0,supported_exact,1,1,pokemon-scarlet-violet:term:存在(そんざい) via entry/front exact,"existence,being,presence",今まで英雄だと思われていた**存在**に一石を投じる事実が判明したのです！,1406150
問題,もんだい,31,331,0,supported_exact,1,1,pokemon-scarlet-violet:term:問題(もんだい) via entry/front exact,"question (e.g. on a test),problem,problem (e.g. societal, political),question,issue,subject (e.g. of research),case,matter,question (i.e. doubt),public discussion,controversy,trouble,problem,inconvenience,difficulty",最後はサービス**問題**だ貴様たちの点稼ぎポイントさぞかし楽勝だったろう？,1536010
外,そと,30,338,0,supported_exact,1,1,pokemon-scarlet-violet:term:外(そと) via entry/front exact,"outside,exterior,the open (air),other place,somewhere else,outside one's group (family, company, etc.)",学校の**外**で冒険しながら自由に学べて楽しいんだよ！,1203250
最高,さいこう,30,634,0,supported_exact,1,1,pokemon-scarlet-violet:term:最高(さいこう) via entry/front exact,"best,supreme,wonderful,finest,highest,maximum,most,uppermost,supreme",とは**最高**の状態で戦いたいしだから勝負はおあずけだよ…。,1293850
挑む,いどむ,30,2987,2,supported_exact,1,1,pokemon-scarlet-violet:term:挑む(いどむ) via entry/front exact,"to challenge to (a fight, game, etc.),to throw down the gauntlet,to contend for,to tackle (e.g. a problem),to attempt,to go after (a prize, record, etc.),to pressure (someone) for sex,to make advances to",,1428230
覚える,おぼえる,29,266,3,supported_exact,1,1,pokemon-scarlet-violet:term:覚える(おぼえる) via entry/front exact,"to memorize,to memorise,to commit to memory,to learn by heart,to bear in mind,to remember,to learn,to pick up,to acquire,to feel,to think,to regard",**覚えさせた**技とか育て方とかさそうです違いますふーんキミってアカデミー行ってて楽しかったりするの？,1206050
観測,かんそく,29,9779,0,supported_exact,1,1,pokemon-scarlet-violet:term:観測(かんそく) via entry/front exact,"observation,survey,measurement,opinion,prediction,thinking",えらーい博士は何考えてんだろうな**観測**ユニット入ろうぜ３つめ到着ー！,1214980
強さ,つよさ,29,2140,1,supported_exact,1,1,web-giapponese:term:強さ(つよさ) via entry/front exact,"strength,power",美しければ**強さ**はあとからついてくるのよ新生ルーキーとってもＱＴ！,1236120
手に入れる,てにいれる,29,1012,,supported_exact,1,1,web-giapponese:term:手に入れる(てにいれる) via entry/front exact,"to obtain,to get,to procure,to win,to secure",はスポーツキャップ（リーグ）を**手に入れた**！,1327230
終わる,おわる,29,193,0,supported_exact,1,1,pokemon-scarlet-violet:term:終わる(おわる) via entry/front exact,"to end,to come to an end,to finish,to close,to be over,to finish,to complete,to conclude,to finish doing,to be past its (one's) prime,to be awful,to be terrible,to suck,to be hopeless",……ウウッ……**終わった**ようだなビワちゃん…。,1589600
山,やま,28,928,2,supported_exact,1,1,pokemon-scarlet-violet:term:山(やま) via entry/front exact,"mountain,hill,mine,(mountain) forest,heap,pile,stack,mountain,protruding or high part of an object,crown (of a hat),thread (of a screw),tread (of a tire),climax,peak,critical point,guess,speculation,gamble,(criminal) case,crime,mountain climbing,mountaineering,festival float (esp. one mounted with a decorative halberd),deck (from which players draw cards),draw pile,stock,wall,wall tile,wild",次の勝負は２週間後のナッペ**山**大会だ！,1302680
説明,せつめい,28,534,0,supported_exact,1,1,pokemon-scarlet-violet:term:説明(せつめい) via entry/front exact,"explanation,exposition,description,account,caption,legend",とりあえず**説明させて**ほしいな！,1386460
知識,ちしき,28,2090,1,supported_exact,1,1,pokemon-scarlet-violet:term:知識(ちしき) via entry/front exact,"knowledge,information",日頃から**知識**を探究しているのだな……不正解！,1420590
登録,とうろく,28,4174,0,supported_exact,1,1,pokemon-scarlet-violet:term:登録(とうろく) via entry/front exact,"registration,accession,register,entry,record,subscription",あらかじめジムの場所マップアプリに**登録しちゃおっ**か！,1444810
歩く,あるく,28,408,2,supported_exact,1,1,pokemon-scarlet-violet:term:歩く(あるく) via entry/front exact,to walk,西門からずと**歩いていく**とセルクルタウンまで行けるよ！,1514320
急所,きゅうしょ,27,9248,"0,3",supported_exact,1,1,pokemon-scarlet-violet:term:急所(きゅうしょ) via entry/front exact,"vital part (of the body),tender spot,weak point,vitals,key point,essential point,crux (of a problem),heart (of a matter),male crotch (as a target in fighting),vital point,critical place to make a move",・９個・１０個・１１個４通常ポケモンの技が**急所**に当たる確率は？,1228750
交換,こうかん,27,2119,0,supported_exact,1,2,duel-masters-dm25:term:交換(こうかん) via entry/front exact | pokemon-scarlet-violet:term:交換(こうかん) via entry/front exact,"exchange,interchange,switching,reciprocity,barter,substitution,replacement,clearing (of checks, cheques)",,1271750
道具,どうぐ,27,1750,3,supported_exact,1,1,pokemon-scarlet-violet:term:道具(どうぐ) via entry/front exact,"tool,implement,instrument,utensil,apparatus,device,means,furniture",デリバードポーチで買った**道具**をパチリスに持たせたの！,1454180
以上,いじょう,26,316,1,supported_exact,1,1,pokemon-scarlet-violet:term:以上(いじょう) via entry/front exact,"not less than ...,... and over,... and above,... and upwards,... or more,beyond (e.g. one's expectations),above,more than,further than,the above,the above-mentioned,the aforementioned,the foregoing,since ...,seeing that ...,now that ...,once ...,that's all,that is the end,the end",最後にフラットルールはレベル５０**以上**のポケモンがレベル５０に統一される！,1155120
一番,いちばん,26,336,"2,3",supported_exact,1,1,pokemon-scarlet-violet:term:一番(いちばん) via entry/front exact,"number one,first,first place,best,most,game,round,bout,as a test,as an experiment,by way of experiment,by way of trial,tentatively,song (e.g. in noh),piece",スター団で**一番**強いボスさトレーナーでいうトップチャンピオン的な？,1165970
結晶,けっしょう,26,8073,0,supported_exact,1,1,pokemon-scarlet-violet:term:結晶(けっしょう) via entry/front exact,"crystal,crystallization,crystallisation,fruits (of labor, union, etc.)",大きなパイプがひしゃげた状態で横たわっている**結晶**体がユニットを浸食している…。？,1254870
種類,しゅるい,26,2124,1,supported_exact,1,1,pokemon-scarlet-violet:term:種類(しゅるい) via entry/front exact,"variety,kind,type,category,counter for kinds, species, etc.",タイプと技その１ポケモンにはくさほのおみずなど全部で１８**種類**のタイプがあります。,1328890
受付,うけつけ,26,5555,0,supported_exact,1,1,pokemon-scarlet-violet:term:受付(うけつけ) via entry/front exact,"reception (desk),information desk,receptionist,information clerk,receipt,acceptance",内容はジムごとに違うから**受付**の人に聞いてみて！,1588060
出会う,であう,26,709,"2,0",supported_exact,1,1,pokemon-scarlet-violet:term:出会う(であう) via entry/front exact,"to meet (by chance),to come across,to run across,to encounter,to happen upon,to meet (e.g. of rivers, highways, etc.),to emerge and engage (an enemy)",スパイスめぐりで**出会った**ポケモンオールスターだぜ！,1598530
数学,すうがく,26,6689,0,supported_exact,1,1,pokemon-scarlet-violet:term:数学(すうがく) via entry/front exact,mathematics,うちの子は**数学**が得意でーうちはバトル学がーしばふいい…。,1372980
全然,ぜんぜん,26,327,0,supported_exact,1,1,pokemon-scarlet-violet:term:全然(ぜんぜん) via entry/front exact,"(not) at all,(not) in the slightest,wholly,entirely,completely,totally,extremely,very",この前は勝負できなくてごめんねあ**全然**そんなんじゃないよ！,1395620
全部,ぜんぶ,26,231,1,supported_exact,1,1,pokemon-scarlet-violet:term:全部(ぜんぶ) via entry/front exact,"all,entire,whole,altogether",タイプと技その１ポケモンにはくさほのおみずなど**全部**で１８種類のタイプがあります。,1396130
威力,いりょく,25,4282,1,supported_exact,1,1,pokemon-scarlet-violet:term:威力(いりょく) via entry/front exact,"power,might,authority,influence",ポケモンが自分のタイプと同じ技を使うとその**威力**は１．５倍になります。,1587770
守る,まもる,25,302,2,supported_exact,1,1,pokemon-scarlet-violet:term:守る(まもる) via entry/front exact,"to protect,to guard,to defend,to keep (i.e. a promise),to abide (by the rules),to observe,to obey,to follow",マジボス殿がご帰還されるまで我らはアジトを**守り**続ける他なし！,1327120
正解,せいかい,25,1524,0,supported_exact,1,1,pokemon-scarlet-violet:term:正解(せいかい) via entry/front exact,"correct answer,right solution,correct interpretation,right decision,right choice,appropriate judgement",興味深い答えだが本当にあったらオーパーツものだ**正解**は財宝だよそう！,1376740
大きい,おおきい,25,410,3,supported_exact,1,1,duel-masters-dm25:term:大きい(おおきい) via entry/front exact,"big,large,great,loud,extensive,spacious,important,decisive,valuable,older,grown-up",威力が高ければダメージも**大きい**相手に刺さるタイプならさらに！,1588880
中間テスト,ちゅうかんテスト,25,29281,5,supported_exact,1,1,pokemon-scarlet-violet:term:中間テスト(ちゅうかんてすと) via entry/front exact,midterm (mid-semester) test or exam,ぜひ仲間と息を合わせてテラスタルシールドを打ち破ってくれ次回は**中間テスト**をおこなうぞ！,1927910
残念,ざんねん,24,660,3,supported_exact,1,1,pokemon-scarlet-violet:term:残念(ざんねん) via entry/front exact,"regrettable,unfortunate,disappointing,vexing",それは**残念**です数年前私がリノベーションのデザインをさせていただいたのですが…。,1304680
戦闘,せんとう,24,3377,0,supported_exact,1,2,gundam-arsenal-base:term:戦闘(せんとう) via entry/front exact | pokemon-scarlet-violet:term:戦闘(せんとう) via entry/front exact,"battle,fight,combat",テラスタルオーブを持ってると**戦闘**中にポケモンをテラスタルできるんだ！,1390420
仲間,なかま,24,568,3,supported_exact,1,1,pokemon-scarlet-violet:term:仲間(なかま) via entry/front exact,"companion,fellow,friend,mate,comrade,partner,colleague,coworker,associate,group,company,circle,set,gang,member of the same category (family, class)",まずスター大作戦のことあとは団の掟だね最近**仲間**増えてるじゃん？,1425790
本気,ほんき,24,589,1,supported_exact,1,1,pokemon-scarlet-violet:term:本気(ほんき) via entry/front exact,"seriousness,earnestness,truth,sanctity",わたしにとっての宝は**本気**の力をぶつけあえる対等なライバル…。,1522370
家庭科,かていか,23,26316,0,supported_exact,1,1,pokemon-scarlet-violet:term:家庭科(かていか) via entry/front exact,home economics,サワちゃんの**家庭科**の授業とってもためになるのよー！,1192300
開始,かいし,23,1454,0,supported_exact,1,2,duel-masters-dm25:term:開始(かいし) via entry/front exact | pokemon-scarlet-violet:term:開始(かいし) via entry/front exact,"start,commencement,beginning,initiation",時ハ満ちタ夢ノ礎トナリタまエ僕ノ楽園ハ壊セなイ殲滅準備ヲ**開始**スル…。,1202760
不思議,ふしぎ,23,679,0,supported_exact,1,1,pokemon-scarlet-violet:term:不思議(ふしぎ) via entry/front exact,"wonderful,marvelous,strange,incredible,amazing,curious,miraculous,mysterious,strangely enough,oddly enough,for some reason,curiously",**不思議な**記号が描かれたプレートが置いてある…。,1492570
理由,りゆう,23,385,0,supported_exact,1,1,pokemon-scarlet-violet:term:理由(りゆう) via entry/front exact,"reason,grounds,pretext,excuse,motive",生徒たちがいだいている問題や行動**理由**そして大事な絆…。,1550140
決める,きめる,22,293,0,supported_exact,1,1,pokemon-scarlet-violet:term:決める(きめる) via entry/front exact,"to decide,to choose,to determine,to make up one's mind,to resolve,to set one's heart on,to settle,to arrange,to set,to appoint,to fix,to clinch (a victory),to decide (the outcome of a match),to persist in doing,to go through with,to always do,to have made a habit of,to take for granted,to assume,to dress up,to dress to kill,to dress to the nines,to carry out successfully (a move in sports, a pose in dance, etc.),to succeed in doing,to immobilize with a double-arm lock (in sumo, judo, etc.),to eat or drink something,to take illegal drugs",テラスタルで**決めちまえ**！,1254180
攻撃,こうげき,22,1364,0,supported_exact,1,2,duel-masters-dm25:term:攻撃(こうげき) via entry/front exact | pokemon-scarlet-violet:term:攻撃(こうげき) via entry/front exact,"attack,assault,raid,onslaught,offensive,criticism,censure,denunciation,condemnation,cyber attack (e.g. DDoS)",ライムの**攻撃**を持ちこたえてる！,1279170
勝利,しょうり,22,2171,1,supported_exact,1,1,pokemon-scarlet-violet:term:勝利(しょうり) via entry/front exact,"victory,triumph,win,conquest,success",ぜひ私に**勝利して**チャンピオンになってくださいね技はこのように放つのです頂点を感じてくださいアハ！,1346240
進む,すすむ,22,627,0,supported_exact,1,1,pokemon-scarlet-violet:term:進む(すすむ) via entry/front exact,"to advance,to go forward,to precede,to go ahead (of),to make progress,to improve,to deepen,to heighten,to be fast (of a clock),to be ahead,to do of one's own free will",パルデア地方のポケモン調査はさんのおかげでこれ以上ないくらい**進み**ましたあ！,1365980
生まれる,うまれる,22,541,0,supported_exact,1,1,web-giapponese:term:生まれる(うまれる) via entry/front exact,to be born,古代に生息した翼竜の魂から**生まれた**ゴーストという説もある。,1378690
誰,だれ,22,128,1,supported_exact,1,1,pokemon-scarlet-violet:term:誰(だれ) via entry/front exact,who,あんたたちがそこまで信頼してるマジボスってのは一体**誰**なんだ？,1416830
変わる,かわる,22,296,0,supported_exact,1,1,pokemon-scarlet-violet:term:変わる(かわる) via entry/front exact,"to change,to be transformed,to be altered,to vary,to move to,to be different,to be uncommon,to be unusual",そんな噂あんのかよあのころから何も**変わってねえ**なマジでありえねえからさっきまで改造車を乗りまわしてたのは…。？,1510790
頼む,たのむ,22,202,2,supported_exact,1,1,pokemon-scarlet-violet:term:頼む(たのむ) via entry/front exact,"to request,to beg,to ask,to call,to order,to reserve,to entrust to,to rely on,please,please do,help me out here",,1548370
意外,いがい,21,738,"0,1",supported_exact,1,1,pokemon-scarlet-violet:term:意外(いがい) via entry/front exact,"unexpected,surprising",きびしいこと言うなよ**意外**とスパルタだな…。,1156410
解除,かいじょ,21,3655,1,supported_exact,1,1,pokemon-scarlet-violet:term:解除(かいじょ) via entry/front exact,"termination (of a contract),cancellation,rescinding,rescission,lifting (of a ban, sanctions, etc.),removal,release (from obligations),cancellation (of a warning, alert, etc.),calling off (e.g. a strike),releasing (a lock)",,1199030
期末テスト,きまつテスト,21,23601,4,supported_exact,1,1,pokemon-scarlet-violet:term:期末テスト(きまつてすと) via entry/front exact,"term-end exam,end-of-term test,finals",ネクストは**期末テスト**だからこれまでのレッスン復習しておいてね！,2620660
受ける,うける,21,313,2,supported_exact,1,1,pokemon-scarlet-violet:term:受ける(うける) via entry/front exact,"to receive,to get,to catch (e.g. a ball),to be struck by (wind, waves, sunlight, etc.),to sustain (damage),to incur (a loss),to suffer (an injury),to feel (influence),to undergo (e.g. surgery),to take (a test),to accept (a challenge),to be given (e.g. life, talent),to find funny,to find humorous,to be amused (by),to follow,to succeed,to be descended from,to face (south, etc.),to be modified by,to obtain (a pawned item, etc.) by paying a fee,to be well-received,to become popular,to go down well",『ぼくに勝てるやつがいたらいつでも挑戦**受けて**たつぜ！』,1329590
続ける,つづける,21,262,0,supported_exact,1,1,pokemon-scarlet-violet:term:続ける(つづける) via entry/front exact,"to continue,to keep up,to keep on,to continue ...,to keep on ...",マジボス殿がご帰還されるまで我らはアジトを守り**続ける**他なし！,1405800
挑戦者,ちょうせんしゃ,21,18940,3,supported_exact,1,1,pokemon-scarlet-violet:term:挑戦者(ちょうせんしゃ) via entry/front exact,challenger,そこまでバッジ集められるの**挑戦者**の１割もいないんだよ！,1428250
灯台,とうだい,21,26591,0,supported_exact,1,1,pokemon-scarlet-violet:term:灯台(とうだい) via entry/front exact,"lighthouse,old-fashioned interior light fixture comprising a wooden pole with an oil-filled dish and a wick atop it",オイしっかりしてくれよ**灯台**研究所で言われただろ？,1448730
普通,ふつう,21,390,0,supported_exact,1,1,pokemon-scarlet-violet:term:普通(ふつう) via entry/front exact,"normal,ordinary,regular,usual,common,average,normally,ordinarily,usually,generally,commonly,local train,train that stops at every station",**普通**入れないもんねーあれ…。？,1497190
確認,かくにん,20,535,0,supported_exact,1,2,duel-masters-dm25:term:確認(かくにん) via entry/front exact | pokemon-scarlet-violet:term:確認(かくにん) via entry/front exact,"confirmation,verification,validation,review,check,affirmation,identification",ご**確認**お願いしますオマエとは対等でいたいから欲張りにいくぜ！,1205900
確率,かくりつ,20,3756,0,supported_exact,1,1,pokemon-scarlet-violet:term:確率(かくりつ) via entry/front exact,"probability,likelihood,chances",・９個・１０個・１１個４通常ポケモンの技が急所に当たる**確率**は？,1205950
記録,きろく,20,1836,0,supported_exact,1,1,pokemon-scarlet-violet:term:記録(きろく) via entry/front exact,"record,document,minutes,log,recording,putting on record,keeping a record (of),writing down,record (e.g. in sports),setting (a record),recording (a record high, etc.)",ありませんでしょうね**記録**は当時の教頭が消してしまいましたので…。,1223440
商品,しょうひん,20,3166,1,supported_exact,1,1,pokemon-scarlet-violet:term:商品(しょうひん) via entry/front exact,"commodity,article of commerce,goods,stock,merchandise",お金が足りないわね**商品**はあげられないわ参加してくれてありがとあららごめんなさいうちの店あなたにははやいかも？,1347310
世界,せかい,20,272,"1,2",supported_exact,1,1,pokemon-scarlet-violet:term:世界(せかい) via entry/front exact,"the world,society,the universe,sphere,circle,world,world-renowned,world-famous,realm governed by one Buddha,space",パルデアスポーツスノーボード**世界**ランク２位の実力派！,1373860
生徒会長,せいとかいちょう,20,13185,,supported_exact,1,1,pokemon-scarlet-violet:term:生徒会長(せいとかいちょう) via entry/front exact,"head of the student council,president of the student council",ネモさんは**生徒会長**でチャンピオンで成績優秀！,2692030
売る,うる,20,802,0,supported_exact,1,1,pokemon-scarlet-violet:term:売る(うる) via entry/front exact,"to sell,to betray,to sell out (one's friend, country, etc.),to make (oneself) known,to establish (a reputation) for oneself,to pick (a fight, quarrel, etc.),to provoke,to force on someone",スター団にケンカ**売って**指名手配中なヤツだったり？,1473950
野生,やせい,20,9390,"0,1",supported_exact,1,1,pokemon-scarlet-violet:term:野生(やせい) via entry/front exact,"wild,growing wild,living in the wild,I,me",**野生**のポケモンからにげるのうまいの！,1537470
行動,こうどう,19,830,0,supported_exact,1,1,pokemon-scarlet-violet:term:行動(こうどう) via entry/front exact,"action,conduct,behaviour,behavior,mobilization,mobilisation",生徒たちがいだいている問題や**行動**理由そして大事な絆…。,1282100
実力,じつりょく,19,2361,0,supported_exact,1,1,pokemon-scarlet-violet:term:実力(じつりょく) via entry/front exact,"(real) ability,true strength,merit,efficiency,competency,arms,force",パルデアスポーツスノーボード世界ランク２位の**実力**派！,1321530
受けとる,うけとる,19,17098,"0,3",supported_exact,1,1,pokemon-scarlet-violet:term:受けとる(うけとる) via entry/front exact,"to receive,to get,to accept,to take (someone's words or behaviour),to interpret,to understand",ちょっと強いの出しすぎちゃったいやー実りあったいい勝負だったね勝負のお礼にこれ**受けとって**！,1329650
入学,にゅうがく,19,4276,0,supported_exact,1,1,pokemon-scarlet-violet:term:入学(にゅうがく) via entry/front exact,"admission (to a school or university),entrance,enrolment,enrollment,matriculation",がオレンジアカデミーに**入学して**何日かが経ち…。,1465850
忘れる,わすれる,19,196,0,supported_exact,1,1,pokemon-scarlet-violet:term:忘れる(わすれる) via entry/front exact,"to forget,to leave carelessly,to be forgetful of,to forget about,to forget (an article)",……でも**忘れないで**！,1519210
有名,ゆうめい,19,1212,0,supported_exact,1,1,pokemon-scarlet-violet:term:有名(ゆうめい) via entry/front exact,"famous,well-known",普通に**有名**あと個人的に調べたしいいとこのお嬢さまだったのか…。？,1541620
向かう,むかう,18,405,0,supported_exact,1,1,pokemon-scarlet-violet:term:向かう(むかう) via entry/front exact,"to face,to go towards,to head towards",勝利に**向かって**跳びつくわー！,1604800
参加,さんか,18,1144,0,supported_exact,1,1,pokemon-scarlet-violet:term:参加(さんか) via entry/front exact,"participation,joining,entry",観光客でも気軽に**参加できる**ので時期があえば挑戦してみてほしい。,1302090
四天王,してんのう,18,26685,4,supported_exact,1,1,pokemon-scarlet-violet:term:四天王(してんのう) via entry/front exact,"the Four Heavenly Kings (Dhrtarastra, Virudhaka, Virupaksa, and Vaisravana),the big four (i.e. four leaders in a given field)",……ハッサクさんの説教長いんですよね**四天王**ハッサクに挑みますか？,1766970
心配,しんぱい,18,206,0,supported_exact,1,1,pokemon-scarlet-violet:term:心配(しんぱい) via entry/front exact,"worry,concern,anxiety,uneasiness,fear,care,help,aid,assistance",……なんかビビってボールに戻ったえー**心配**だねもしかしてあの子いないと上に戻れん？,1360930
正体,しょうたい,18,1555,1,supported_exact,1,1,pokemon-scarlet-violet:term:正体(しょうたい) via entry/front exact,"true character,true form,true colors,identity,truth (of a mystery, phenomenon, etc.),origin,consciousness,one's senses",**正体**に関しては多くの説があるが超古代文明の産物という説が有力。,1377530
大好き,だいすき,18,662,1,supported_exact,1,1,pokemon-scarlet-violet:term:大好き(だいすき) via entry/front exact,"liking very much,loving (something or someone),adoring,being very fond of",人間もポケモンもサンドウィッチは**大好きさ**！,1413660
調査,ちょうさ,18,2040,1,supported_exact,1,1,pokemon-scarlet-violet:term:調査(ちょうさ) via entry/front exact,"investigation,examination,inquiry,enquiry,survey",**調査**でも観測でもやってることは変わらんのだがな！,1429120
道,みち,18,472,1,supported_exact,1,1,pokemon-scarlet-violet:term:道(みち) via entry/front exact,"road,path,street,lane,passage,route,way,distance,journey,road (e.g. to victory),course,way (of living, proper conduct, etc.),moral principles,teachings (esp. Confucian or Buddhist),dogma,field (e.g. of medicine),subject,speciality,means,way,method",『芸術のより**道**』という雑誌がある読んでみようか？,1454080
お願いします,おねがいします,17,421,,supported_exact,1,1,pokemon-scarlet-violet:term:お願いします(おねがいします) via entry/front exact,please,ご確認**お願いします**オマエとは対等でいたいから欲張りにいくぜ！,1001720
苦手,にがて,17,1040,"0,3",supported_exact,1,1,pokemon-scarlet-violet:term:苦手(にがて) via entry/front exact,"poor (at),weak (in),not very good (at),not one's cup of tea,not one's favorite",でも**苦手な**ものをぶつけられると先生はちょっとつらいかも？,1244470
自身,じしん,17,934,1,supported_exact,1,1,duel-masters-dm25:term:自身(じしん) via entry/front exact,"(one's) self,oneself,yourself,himself,herself",逆に相手の技は**自身**の防御と特防が高ければ受けるダメージを少なくできるぞ！,1318000
手持ち,てもち,17,8376,"3,0",supported_exact,1,1,pokemon-scarlet-violet:term:手持ち(てもち) via entry/front exact,"in hand,on hand,on one,in stock,in store,handheld",今のわたしの**手持ち**ジムリーダー用に調整してるんだよね！,1327730
制服,せいふく,17,2291,0,supported_exact,1,1,pokemon-scarlet-violet:term:制服(せいふく) via entry/front exact,uniform,アカデミーの校則服装：基本は学校支給の**制服**を着用ください。,1374940
素敵,すてき,17,2226,0,supported_exact,1,1,pokemon-scarlet-violet:term:素敵(すてき) via entry/front exact,"lovely,wonderful,charming,enchanting,nice,great,splendid,marvellous (marvelous),fantastic,superb",なんと**素敵な**心がけですねぜひさんと同じスタートラインから始めてみてくださいやった！,1397350
置く,おく,17,318,0,supported_exact,1,1,duel-masters-dm25:term:置く(おく) via entry/front exact,"to put,to place,to leave (behind),to establish (an organization, a facility, a position, etc.),to set up,to appoint (someone to a certain position),to hire,to employ,to place (one's trust, one's faith, etc.),to bear (in mind, etc.),to put down a tool (e.g. a pen) hence stopping what one is doing with that tool,to take in (boarders, etc.),to provide lodging in one's house,to separate spatially or temporally,to do something in advance,to leave something in a certain state,to keep something in a certain state",棚には期限の切れた調味料が**置かれている**コンロには最近使われた跡がある！,1421850
答え,こたえ,17,1002,"2,3",supported_exact,1,1,pokemon-scarlet-violet:term:答え(こたえ) via entry/front exact,"answer,reply,response,answer,solution,result",興味深い**答え**だが本当にあったらオーパーツものだ正解は財宝だよそう！,1449530
課外授業,かがいじゅぎょう,16,41846,4,supported_exact,1,1,pokemon-scarlet-violet:term:課外授業(かがいじゅぎょう) via entry/front exact,extracurricular lesson,……クラベル先生が言ってた**課外授業**自分だけの宝探し覚えてる？,1931330
危険,きけん,16,759,0,supported_exact,1,1,pokemon-scarlet-violet:term:危険(きけん) via entry/front exact,"danger,peril,hazard,risk",ただしパルデアの大穴は**危険**ですので立入禁止です。,1218560
最初,さいしょ,16,301,0,supported_exact,1,1,duel-masters-dm25:term:最初(さいしょ) via entry/front exact,"beginning,outset,first,onset",はわたしが**最初**に目をつけたんですからトップでも横取りダメです！,1293990
残る,のこる,16,354,2,supported_exact,1,1,duel-masters-dm25:term:残る(のこる) via entry/front exact,"to remain,to be left",太古の文献にテツノツツミらしき機械を設計し使役していたという記録が**残っている**のだ。,1304510
写真,しゃしん,16,775,0,supported_exact,1,1,pokemon-scarlet-violet:term:写真(しゃしん) via entry/front exact,"photograph,photo,picture,photography,moving picture,movie",大切な友達とみんなで撮った思い出の**写真**だ！,1321900
先,さき,16,387,2,supported_exact,1,1,pokemon-scarlet-violet:term:先(さき) via entry/front exact,"point,tip,end,nozzle,head (of a line),front,first,before,ahead (of),(the way) ahead,beyond,future,previous,prior,former,recent,last,destination,address,place where you do something,rest (e.g. of a story),continuation,remaining part,the other party",勝負に勝たなければ**先**へは進めない！,1387210
特別,とくべつ,16,675,0,supported_exact,1,1,pokemon-scarlet-violet:term:特別(とくべつ) via entry/front exact,"special,particular,extraordinary,exceptional,especial",あ宝探しっていうのはもうすぐ始まる**特別な**課外授業！,1455280
宝物,たからもの,16,4566,"0,4,5",supported_exact,1,1,pokemon-scarlet-violet:term:宝物(たからもの) via entry/front exact,"treasure,treasured item,prized possession",貴方たちポケモントレーナーはこのパルデア地方の**宝物**…。,1584080
意味,いみ,15,280,1,supported_exact,1,1,pokemon-scarlet-violet:term:意味(いみ) via entry/front exact,"meaning,significance,sense",１次の言葉はすべて同じ**意味**ですどういう意味でしょうか？,1156800
海,うみ,15,793,1,supported_exact,1,1,pokemon-scarlet-violet:term:海(うみ) via entry/front exact,"sea,ocean,waters",**海**のヒーローイルカマンのポスターがかざられている！,1201190
開く,ひらく,15,412,0,supported_exact,1,2,duel-masters-dm25:term:開く(ひらく) via entry/front exact | pokemon-scarlet-violet:term:開く(ひらく) via entry/front exact,"to open,to undo,to unseal,to unpack,to bloom,to unfold,to spread out,to open (for business, e.g. in the morning),to be wide (gap, etc.),to widen,to hold (meeting, party, etc.),to give,to open,to found (nation, dynasty, sect, etc.),to open (a new business),to set up,to establish,to start,to open (ports, borders, etc.),to open (an account),to open up (new land, path, etc.),to clear,to develop,to open (a file, etc.),to extract (root),to reduce (equation),to cut open (fish),to change (kanji into hiragana),to flare (e.g. skirt),to slacken (into a poor posture),to extend",パルデアの祭オリーブの名産地として名高いパルデア地方セルクルタウンでは奇祭オリーブ収穫祭が**開かれている**。,1202440
気をつける,きをつける,15,913,,supported_exact,1,1,pokemon-scarlet-violet:term:気をつける(きをつける) via entry/front exact,"to be careful,to pay attention,to take care",ではさんに問おうさらなる食事パワーを得るためにはきみは何に**気をつける**のだ？,1591990
結果,けっか,15,638,"0,1",supported_exact,1,1,pokemon-scarlet-violet:term:結果(けっか) via entry/front exact,"result,consequence,outcome,effect,as a result of ...,as a consequence of ...,after ...,following ...,bearing fruit,fruiting",その姿はほかの地方でボーマンダに発生するとある現象の**結果**に酷似しているが関連性は不明。,1254690
古い,ふるい,15,1129,2,supported_exact,1,1,pokemon-scarlet-violet:term:古い(ふるい) via entry/front exact,"old,aged,ancient,antiquated,antique,timeworn,long,since long ago,time-honored,of the distant past,long-ago,stale,threadbare,hackneyed,corny,old-fashioned,outmoded,out-of-date",それらはこれまで発見された歴史的な遺物で一番**古く**！,1265070
成長,せいちょう,15,1302,0,supported_exact,1,1,pokemon-scarlet-violet:term:成長(せいちょう) via entry/front exact,"growth,development,growing up,becoming an adult,growth (of a company, the economy, etc.)",宝探しを通して大きく**成長されました**ねすみません…。,1375790
体力,たいりょく,15,2061,1,supported_exact,1,1,pokemon-scarlet-violet:term:体力(たいりょく) via entry/front exact,"physical strength,power,stamina,endurance,vigor,resistance to disease,strength (of a business, economy, etc.)",あとはおまかせバトルで負けるとわずかな**体力**で戻ってくるから手ばやく回復してあげるように！,1409760
大切,たいせつ,15,613,0,supported_exact,1,1,pokemon-scarlet-violet:term:大切(たいせつ) via entry/front exact,"important,significant,serious,crucial,precious,valuable,dear,cherished,beloved,careful",**大切な**友達とみんなで撮った思い出の写真だ！,1414340
目,め,15,174,1,supported_exact,1,1,duel-masters-dm25:grammar:～目(め) via entry/front exact,"eye,eyeball,eyesight,sight,vision,look,stare,gaze,glance,notice,attention,observation,eyes (of the world, public, etc.),an experience,viewpoint,discrimination,discernment,judgement,eye (e.g. for quality),(an) appearance,chance (of success),possibility (of a good result),spacing (between crossed strands of a net, mesh, etc.),opening,stitch,texture,weave,grain (of wood, paper),eye (of a storm, needle, etc.),intersection (on a go board),square (on a chessboard),dot (on a dice),pip,rolled number,graduation,division (of a scale),tooth (of a saw, comb, etc.),ordinal number suffix,somewhat,-ish,point (e.g. of change),eye (empty space inside a group of stones)",トップの**目**もかがやかせちゃう！,1604890
目標,もくひょう,15,1882,0,supported_exact,1,1,pokemon-scarlet-violet:term:目標(もくひょう) via entry/front exact,"goal,target,aim,objective,mark,sign,landmark",あの人はトップって呼ばれてる強くてすごくてかっこよくてわたしの**目標**でいや！,1535650
連絡,れんらく,15,501,0,supported_exact,1,1,pokemon-scarlet-violet:term:連絡(れんらく) via entry/front exact,"contacting,(making) contact,getting in touch,communication,correspondence,call,message,connection (with a train, bus, etc.),joining (a railway line, etc.),meeting,connection (between matters, incidents, etc.),relation,link",下に着いたら**連絡する**無事を祈っているよ……強引なヤツエリアゼロのポケモン楽しみ！,1559900
施設,しせつ,14,2695,"1,2",supported_exact,1,1,pokemon-scarlet-violet:term:施設(しせつ) via entry/front exact,"facility,facilities,institution,establishment,home (for the elderly, orphans, etc.)",ここの受付で登録すればいろんな授業を受けられるし校内のいろんな**施設**につながってる！,1310410
助ける,たすける,14,288,3,supported_exact,1,1,pokemon-scarlet-violet:term:助ける(たすける) via entry/front exact,"to save,to rescue,to spare,to help,to assist,to support (financially),to contribute (to),to provide aid,to facilitate,to stimulate,to promote,to contribute to",,1344410
超,ちょう,14,1139,1,supported_exact,1,1,duel-masters-dm25:term:超(ちょう) via entry/front exact,"super-,ultra-,hyper-,extreme,extremely,really,totally,absolutely,of course,definitely,absolutely,for sure,totally,over,more than,exceeding",正体に関しては多くの説があるが**超**古代文明の産物という説が有力。,1429340
得意,とくい,14,1293,"2,0",supported_exact,1,1,pokemon-scarlet-violet:term:得意(とくい) via entry/front exact,"satisfaction,pride,triumph,elation,one's strong point,one's forte,one's specialty,regular customer,regular client,patron",勉強サボらないようにポケモンに見はってもらってるよ**得意な**科目を教えあってテスト勉強中！,1454510
認める,みとめる,14,586,4,supported_exact,1,1,pokemon-scarlet-violet:term:認める(みとめる) via entry/front exact,"to recognize,to recognise,to observe,to notice,to deem,to judge,to assess,to approve,to deem acceptable,to allow,to admit,to accept,to confess (to a charge),to watch steadily,to observe carefully,to renown,to give renown to,to appreciate,to acknowledge",トップも**認めてる**くらいポケモン強いんやでーあーらあらあら…。！,1467530
能力,のうりょく,14,1433,1,supported_exact,1,2,duel-masters-dm25:term:能力(のうりょく) via entry/front exact | pokemon-scarlet-violet:term:能力(のうりょく) via entry/front exact,"ability,faculty",姿かたちが変わり**能力**が大きく上がりまあすそれがポケモンの進化です！,1470370
奥,おく,13,784,1,supported_exact,1,1,pokemon-scarlet-violet:term:奥(おく) via entry/front exact,"inner part,interior,back (of a drawer, one's throat, etc.),depths (e.g. of a forest),recesses (e.g. of a cave),heart,end (of a road, garden, etc.),living quarters (at the back of a house),inner room,recesses (of one's mind),bottom (of one's heart),behind (someone's words),mysteries (of an art)",**奥**まで行きゃあ全部わかるさ行くぞみんな何これー！,1179320
関係,かんけい,13,391,0,supported_exact,1,1,pokemon-scarlet-violet:term:関係(かんけい) via entry/front exact,"relation,relationship,connection,participation,involvement,concern,influence,effect,sexual relations,sexual relationship,related to,connected to",ボタンってとどういう**関係**なのー？,1215810
自由,じゆう,13,789,2,supported_exact,1,1,pokemon-scarlet-violet:term:自由(じゆう) via entry/front exact,"freedom,liberty",学校の外で冒険しながら**自由**に学べて楽しいんだよ！,1318720
捕獲,ほかく,13,8457,0,supported_exact,1,1,pokemon-scarlet-violet:term:捕獲(ほかく) via entry/front exact,"capture,seizure",**捕獲**は失敗することもあるからもうちょっと持ってたほうがいいかも！,1514160
安心,あんしん,12,452,0,supported_exact,1,1,pokemon-scarlet-violet:term:安心(あんしん) via entry/front exact,"peace of mind,relief,(sense of) security,safety,assurance,confidence",歯が弱くても**安心**じゃむちゃありーあら？！,1153890
引き続き,ひきつづき,12,4004,0,supported_exact,1,1,pokemon-scarlet-violet:term:引き続き(ひきつづき) via entry/front exact,"continuously,continually,without a break,next,then,after that",前回に**引き続き**トゥデイもリスニング形式でレッスンいきますよ！,1601690
応援,おうえん,12,1145,0,supported_exact,1,1,pokemon-scarlet-violet:term:応援(おうえん) via entry/front exact,"aid,assistance,help,support,reinforcement,cheering,rooting (for),support",ボクへの**応援してしてー**！,1179840
階段,かいだん,12,2053,0,supported_exact,1,1,pokemon-scarlet-violet:term:階段(かいだん) via entry/front exact,"stairs,stairway,staircase",ケツに火がついちまったさすがにやるじゃねえかアカデミー名物地獄の**階段**！,1203090
教室,きょうしつ,12,1962,0,supported_exact,1,1,pokemon-scarlet-violet:term:教室(きょうしつ) via entry/front exact,"classroom,lecture room,department (in a university),class,lessons,course,school (for a particular discipline),teaching establishment",自分の部屋より**教室**で勉強するほうがはかどるね夜だとゴーストタイプのポケモン多くない？,1237150
近づく,ちかづく,12,686,3,supported_exact,1,1,pokemon-scarlet-violet:term:近づく(ちかづく) via entry/front exact,"to approach,to draw near,to get close,to get acquainted with,to get closer to,to get to know",声をかける**近づいてみる**あれ？,1242170
研究所,けんきゅうじょ,12,8714,"0,5",supported_exact,1,1,pokemon-scarlet-violet:term:研究所(けんきゅうじょ) via entry/front exact,"research institute,(research) laboratory",今では**研究所**が建っておりロマンもへったくれもないがね…。,1578330
向こう,むこう,12,540,"2,0",supported_exact,1,1,pokemon-scarlet-violet:term:向こう(むこう) via entry/front exact,"opposite side,other side,over there,ahead,beyond,(in the) distance,far away,far off,destination,there (somewhere distant, esp. abroad),the other party,the other side,from now,next (e.g. two weeks),coming ...,from ... onwards",なみのりができれば安全だなマリナードタウンは砂漠の**向こう**！,1277140
校長室,こうちょうしつ,12,33287,,supported_exact,1,1,pokemon-scarlet-violet:term:校長室(こうちょうしつ) via entry/front exact,principal's office,入学早々**校長室**に呼びだしなんて悪いことでもしたの！？,1935110
先輩,せんぱい,12,768,0,supported_exact,1,1,pokemon-scarlet-violet:term:先輩(せんぱい) via entry/front exact,"senior (at school, work, etc.),superior,elder,older person,predecessor",フカフカフカマル**先輩**ですフカマル先輩テラスタルをお願いしますよ！,1388410
増える,ふえる,12,772,2,supported_exact,1,1,pokemon-scarlet-violet:term:増える(ふえる) via entry/front exact,"to increase,to multiply",まずスター大作戦のことあとは団の掟だね最近仲間**増えてる**じゃん？,1602440
探索,たんさく,12,6432,0,supported_exact,1,1,pokemon-scarlet-violet:term:探索(たんさく) via entry/front exact,"search,lookup,hunt,(item of) research,exploration,investigation",**探索した**場所がメモしてある明るい色のベッドだ！,1418340
鍛える,きたえる,12,2824,3,supported_exact,1,1,pokemon-scarlet-violet:term:鍛える(きたえる) via entry/front exact,"to forge,to temper,to drill,to train,to discipline",**鍛えた**アゴで噛みまくり！,1419120
通信,つうしん,12,5165,0,supported_exact,1,1,pokemon-scarlet-violet:term:通信(つうしん) via entry/front exact,"correspondence,communication,transmission,news,signal,telecommunications",**通信**交換でもらったらすごいことになった！,1433330
秘密,ひみつ,12,944,0,supported_exact,1,1,pokemon-scarlet-violet:term:秘密(ひみつ) via entry/front exact,"secret,secrecy,confidentiality,privacy,mystery,secret (e.g. to success),esoteric teachings",ジムテスト中なら**秘密**のメニューも注文できるよー！,1484150
壁,かべ,12,1072,0,supported_exact,1,1,pokemon-scarlet-violet:term:壁(かべ) via entry/front exact,"wall,partition,barrier,obstacle,hindrance,difficulty,Chinese ""Wall"" constellation (one of the 28 mansions),wall (of stones)",そっからだったら岩壁のヌシがいるっていう岩場が近いぜソイツは岩みてえに**壁**に張りついて獲物を狙ってんだと！,1509290
報酬,ほうしゅう,12,4346,0,supported_exact,1,2,duel-masters-dm25:term:報酬(ほうしゅう) via entry/front exact | pokemon-scarlet-violet:term:報酬(ほうしゅう) via entry/front exact,"remuneration,recompense,reward,toll",……すまない少し考えごとをしていた約束の**報酬**だのスマホにＬＰをチャージしておこうは５０００ＬＰ手に入れた！,1515700
一緒,いっしょ,11,508,0,supported_exact,1,1,pokemon-scarlet-violet:term:一緒(いっしょ) via entry/front exact,"(doing) together,one lump,one mixture,the same category,the same,identical,(at) the same time",コオリッポと**一緒**だと室内でもヒンヤリじゃ大丈夫？,1163400
可能,かのう,11,1588,0,supported_exact,1,2,duel-masters-dm25:grammar:～可能(かのう) via entry/front exact | pokemon-scarlet-violet:term:可能(かのう) via entry/front exact,"possible,potential,practicable,feasible",ああ**可能**だただし人間ほどの質量だと帰ってこれないがねいや怖いし母ちゃ…。,1191060
崖,がけ,11,6820,0,supported_exact,1,1,pokemon-scarlet-violet:term:崖(がけ) via entry/front exact,"cliff,precipice,precipice,brink of a dangerous situation",カラフは**崖**にあわせてできた町！,1204380
期待,きたい,11,718,0,supported_exact,1,1,pokemon-scarlet-violet:term:期待(きたい) via entry/front exact,"expectation,anticipation,hope,promising,rising,up-and-coming",ショージキ予想外だよもっとゴツいの**期待した**のにま！,1220570
近く,ちかく,11,450,"2,1",supported_exact,1,1,pokemon-scarlet-violet:term:近く(ちかく) via entry/front exact,"near,neighbourhood,neighborhood,vicinity,nearly (e.g. ""it took nearly one year""),close to,shortly,soon",**近く**に来てくれたらポケモンの技で引っぱりあげるから！,1242160
見た目,みため,11,1726,1,supported_exact,1,1,pokemon-scarlet-violet:term:見た目(みため) via entry/front exact,"appearance,look",茶色でゴツゴツした**見た目**でまるでいわのようなお菓子です。,1611750
光,ひかり,11,860,3,supported_exact,1,1,duel-masters-dm25:term:光(ひかり) via entry/front exact,"light,illumination,ray,beam,gleam,glow,happiness,hope,influence,power,vision,eyesight,optical fiber,optical fibre",タイトル『切り貼りの**光**』……いろんな色紙が貼りつけてある！,1272780
校長先生,こうちょうせんせい,11,17190,7,supported_exact,1,1,pokemon-scarlet-violet:term:校長先生(こうちょうせんせい) via entry/front exact,"school principal,school headmaster,school headmistress",ママ**校長先生**とお話があるから自分の部屋に戻って学校の準備してらっしゃい！,2106280
自然,しぜん,11,1109,0,supported_exact,1,1,pokemon-scarlet-violet:term:自然(しぜん) via entry/front exact,"nature,natural,spontaneous,automatic,naturally,spontaneously,automatically",この**自然**の中いろんな場所でたくさんのポケモンが暮らしててとの出会いを待ってるよ！,1318090
失礼,しつれい,11,542,2,supported_exact,1,1,pokemon-scarlet-violet:term:失礼(しつれい) via entry/front exact,"discourtesy,impoliteness,excuse me,goodbye,to leave,to be rude",大変**失礼**いたしましたこのおかたはどちらさまなのでしょう？,1320230
終了,しゅうりょう,11,1656,0,supported_exact,1,1,pokemon-scarlet-violet:term:終了(しゅうりょう) via entry/front exact,"end,close,conclusion,termination",これにて第一回学校最強大会は**終了**です！,1333040
色違い,いろちがい,11,25461,3,supported_exact,1,1,pokemon-scarlet-violet:term:色違い(いろちがい) via entry/front exact,"variation in color (colour),having a different color",でも落っこちないようにねこの店で学校指定のバッグの**色違い**を買えるんだどの色にしようかなー？,1818150
注意,ちゅうい,11,1425,1,supported_exact,1,1,pokemon-scarlet-violet:term:注意(ちゅうい) via entry/front exact,"attention,notice,heed,care,caution,precaution,looking out (for),watching out (for),advice,warning,caution,reminder,admonishment,reprimand,telling-off",**注意**は聞いてくれたでしょうか？,1426530
注文,ちゅうもん,11,2364,0,supported_exact,1,1,pokemon-scarlet-violet:term:注文(ちゅうもん) via entry/front exact,"order (for an item),request,demand,condition",宝食堂で**注文**間違いすぎてお腹パンパン…。,1426650
北,きた,11,3486,"0,2",supported_exact,1,1,pokemon-scarlet-violet:term:北(きた) via entry/front exact,"north,the North,northern territories,North Korea,north wind",マップアプリで緑色の方角が**北**よ迷うようなら地図を固定してみたら？,1520670
約束,やくそく,11,407,0,supported_exact,1,1,pokemon-scarlet-violet:term:約束(やくそく) via entry/front exact,"promise,agreement,arrangement,one's word,contract,pact,appointment,engagement,date,convention,rule,destiny,fate",**約束**のポケモン勝負しよっ！,1538130
よろしくお願いします,よろしくおねがいします,10,910,,supported_exact,1,1,pokemon-scarlet-violet:term:よろしくお願いします(よろしくおねがいします) via entry/front exact,"please remember me,please help me,please treat me well,I look forward to working with you,please do,please take care of",美術担当のハッサクです**よろしくお願いします**ですよ……そもそも美術とは！,2133750
移動,いどう,10,1207,0,supported_exact,1,2,pokemon-scarlet-violet:term:移動(いどう) via entry/front exact | web-giapponese:term:移動(いどう) via entry/front exact,"movement,transfer,migration,removal,travel,mobile,moving,traveling,travelling,roving",デリバードに似た形状をしており球体の装置から膨大な氷を噴射し雪原を**移動する**という。,1158400
気分,きぶん,10,676,1,supported_exact,1,1,pokemon-scarlet-violet:term:気分(きぶん) via entry/front exact,"feeling,mood",お鍋をふればシェフ**気分**！,1222590
景色,けしき,10,2092,"0,1",supported_exact,1,1,pokemon-scarlet-violet:term:景色(けしき) via entry/front exact,"scenery,scene,landscape",いい**景色**を見ながら食べるサンドウィッチは格別だっはっは！,1250870
今度,こんど,10,205,1,supported_exact,1,1,pokemon-scarlet-violet:term:今度(こんど) via entry/front exact,"this time,now,next time,another time,shortly,soon,recently,lately,the other day",おかしなヤツでもなんか知ってそうだった**今度**会ったら勝負して問いつめてやろうね！,1289370
試す,ためす,10,1222,2,supported_exact,1,1,web-giapponese:term:試す(ためす) via entry/front exact,"to try (out),to have a try (at),to test,to put to the test",貴様とポケモンの歴史どんなものか**試してやろう**ヤダヤバうっそー！,1312260
終わり,おわり,10,505,0,supported_exact,1,1,duel-masters-dm25:term:終わり(おわり) via entry/front exact,"end,ending,close,conclusion,end of (one's) life,death",もう**終わり**なのね残念…。,1589590
上昇,じょうしょう,10,5090,0,supported_exact,1,1,pokemon-scarlet-violet:term:上昇(じょうしょう) via entry/front exact,"rising,ascending,climbing",ポケモンの能力**上昇**よね！,1353450
情報,じょうほう,10,658,0,supported_exact,1,1,pokemon-scarlet-violet:term:情報(じょうほう) via entry/front exact,"information,news,report,intelligence,information (data contained in characters, signals, code, etc.),informatics (as a subject)",正直な**情報**の提供大変感謝するなぜ嘘をつく？,1356370
侵入者,しんにゅうしゃ,10,8003,,supported_exact,1,1,pokemon-scarlet-violet:term:侵入者(しんにゅうしゃ) via entry/front exact,"intruder,invader,trespasser,raider",**侵入者**をたたき出してあげましょう！,1359870
進める,すすめる,10,1064,0,supported_exact,1,1,pokemon-scarlet-violet:term:進める(すすめる) via entry/front exact,"to advance,to move forward,to put (a clock, watch) forward,to carry forward (plans, work, etc.),to proceed with,to make progress in,to further,to advance,to hasten,to speed up,to raise,to elevate,to promote,to develop,to stimulate (e.g. one's appetite)",,1365990
調べる,しらべる,10,579,3,supported_exact,1,1,pokemon-scarlet-violet:term:調べる(しらべる) via entry/front exact,"to examine,to look up,to investigate,to check up,to sense,to study,to inquire,to search",普通に有名あと個人的に**調べた**しいいとこのお嬢さまだったのか…。？,1429060
調味料,ちょうみりょう,10,11787,3,supported_exact,1,1,pokemon-scarlet-violet:term:調味料(ちょうみりょう) via entry/front exact,"seasoning,flavoring,flavouring,condiment",棚には期限の切れた**調味料**が置かれているコンロには最近使われた跡がある！,1429290
特殊,とくしゅ,10,2425,"0,1",supported_exact,1,1,pokemon-scarlet-violet:term:特殊(とくしゅ) via entry/front exact,"special,particular,peculiar,unique",**特殊**はポケモンの特攻が高ければ相手に与えるダメージが大きい！,1454970
便利,べんり,10,2676,1,supported_exact,1,1,pokemon-scarlet-violet:term:便利(べんり) via entry/front exact,"convenient,handy,useful",マップが見れて**便利**みたいよ大事に使ってねいってらっしゃい！,1512610
お疲れさま,おつかれさま,49,1703,0,supported_kana_equivalent,2,1,pokemon-scarlet-violet:term:おつかれさま(おつかれさま) via visible kana entry/front,"thank you (for your hard work),good work,see you,goodbye,goodnight",んじゃはやめに帰ってね**お疲れさま**でスター！,1002570
岩,いわ,15,4121,2,supported_kana_equivalent,2,1,pokemon-scarlet-violet:term:いわ(いわ) via visible kana entry/front,"rock,boulder,crag",**岩**落とすあぶねえヤツにはしょっぱい敗北めしあがれだ！,1217270
特に,とくに,10,598,1,supported_kana_equivalent,2,1,pokemon-scarlet-violet:term:とくに(とくに) via visible kana entry/front,"particularly,especially,in particular,expressly",**特に**用事はないホシガリスのベッド！,1454670
団,だん,195,5793,1,covered_as_component_in_flashcard_entry,3,1,duel-masters-dm25:term:団長(だんちょう) via entry/front contains 団長,"group,body,party,company,troupe,gang,corps,ring",……ウゼえスター**団**はアジトでアカデミーを襲う計画を立てているとか…。？,1956650
今,いま,127,52,1,covered_as_component_in_flashcard_entry,3,2,pokemon-scarlet-violet:term:今回(こんかい) via entry/front contains 今回 | pokemon-scarlet-violet:term:今度(こんど) via entry/front contains 今度,"now,the present time,just now,soon,immediately,another,more",**今**では研究所が建っておりロマンもへったくれもないがね…。,1288850
見る,みる,126,42,1,covered_as_component_in_flashcard_entry,3,1,pokemon-scarlet-violet:term:強さを見る(つよさをみる) via entry/front contains 強さを見る,"to see,to look,to watch,to view,to observe,to examine,to look over,to assess,to check,to judge,to look after,to attend to,to take care of,to keep an eye on,to experience,to meet with (misfortune, success, etc.),to try ...,to have a go at ...,to give ... a try,to see (that) ...,to find (that) ...",,1259290
前,まえ,110,74,1,covered_as_component_in_flashcard_entry,3,4,gundam-arsenal-base:term:前線(ぜんせん) via entry/front contains 前線 | pokemon-scarlet-violet:term:名前(なまえ) via entry/front contains 名前 | pokemon-scarlet-violet:grammar:～前に via entry/front contains 前に | web-giapponese:term:前衛(ぜんえい) via entry/front contains 前衛,"in front (of),before (e.g. a building),before,earlier,previously,prior,ago,(minutes) to (the hour),(the) front,frontal part,fore,head (e.g. of a line),forward,ahead,(in the) presence (of),in front (of someone),previous (e.g. page),prior (e.g. engagement),first (e.g. half),former (e.g. example),portion,helping,front (of one's body or clothing),breast (of a coat, kimono, etc.),privates,private parts,criminal record,previous conviction,(a) prior",・約１０００年**前**・約２０００年前・約３０００年前４この学校は創立何年？,1392580
言う,いう,108,25,0,covered_as_component_in_flashcard_entry,3,2,pokemon-scarlet-violet:grammar:～{{言|い}}う / ～って{{言|い}}う via entry/front contains 言う/って言う | pokemon-scarlet-violet:grammar:～ように言われる via entry/front contains ように言う,"to say,to utter,to declare,to name,to call,to go (e.g. ""the alarm went ping""),to make a noise",正直すぎてちょっとビックリ指名手配中のヤツほど違うって**言う**からね…。！,1587040
人,ひと,104,65,"0,2",covered_as_component_in_flashcard_entry,3,9,duel-masters-dm25:term:人数(にんずう) via entry/front contains 人数 | duel-masters-dm25:term:刻解人形ジェニー・ジェーン(こくかいにんぎょう じぇにー じぇーん) via entry/front contains 刻解人形ジェニジェン | duel-masters-dm25:grammar:～と同じ枚数(とおなじまいすう) via entry/front contains 相手の人数と同じ枚数 | duel-masters-dm25:grammar:相手1人につき(あいてひとりにつき) via entry/front contains 相手1人につき | duel-masters-dm25:grammar:始まっていて(はじまっていて) via entry/front contains このゲムが2人以上の相手がいる状態で始まっていて | pokemon-scarlet-violet:term:何人(なんにん) via entry/front contains 何人 | pokemon-scarlet-violet:term:人々(ひとびと) via entry/front contains 人々 | pokemon-scarlet-violet:term:主人公(しゅじんこう) via entry/front contains 主人公,"person,someone,somebody,human beings,mankind,man,people,humans,human (Homo sapiens),(other) people,others,character,personality,nature,capable person,competent person,suitable person,right person,adult,grown-up,I,me,one",テーブルみたいに広いなあ学校にはいろんな**人**やいろんなポケモンがいるよ！,1580640
思う,おもう,88,32,2,covered_as_component_in_flashcard_entry,3,1,pokemon-scarlet-violet:grammar:～と思う via entry/front contains と思う,"to think,to consider,to believe,to reckon,to think (of doing),to plan (to do),to judge,to assess,to regard,to imagine,to suppose,to dream,to expect,to look forward to,to feel,to be (in a state of mind),to desire,to want,to care (deeply) for,to yearn for,to worry about,to love,to recall,to remember",ここのジムリーダー強いから練習しといたほうがいいと**思う**よー！？,1589350
匹,ひき,83,3374,2,covered_as_component_in_flashcard_entry,3,1,pokemon-scarlet-violet:term:何匹(なんびき) via entry/front contains 何匹,"counter for small animals,counter for rolls of cloth (two han in size),counter for horses,roll of cloth",壁画の中から出てきたのは剣と盾を持つ２**匹**のポケモン像！,1583370
同じ,おなじ,64,130,0,covered_as_component_in_flashcard_entry,3,4,duel-masters-dm25:term:同じ枚数(おなじまいすう) via entry/front contains 同じ枚数 | duel-masters-dm25:grammar:～と同じ(とおなじ) via entry/front contains と同じ | duel-masters-dm25:grammar:～と同じ枚数(とおなじまいすう) via entry/front contains と同じ枚数 | duel-masters-dm25:grammar:そのカードと同じ文明を1つでも持つ(そのカードとおなじぶんめいをひとつでももつ) via entry/front contains そのカドと同じ文明を1つでも持つ,"same,identical,equal,alike,equivalent,anyway,in any case,if one must ...,if one has to ...,as long as ...",ポケモンの性格人間と**同じ**でポケモンにも１匹１匹に性格があります。,1451750
本,ほん,59,503,1,covered_as_component_in_flashcard_entry,3,8,pokemon-scarlet-violet:term:本当(ほんとう) via entry/front contains 本当 | pokemon-scarlet-violet:term:本気(ほんき) via entry/front contains 本気 | pokemon-scarlet-violet:term:本気で(ほんきで) via entry/front contains 本気で | pokemon-scarlet-violet:term:本当に よろしいですか？(ほんとうに よろしいですか) via entry/front contains 本当によろしいですか | pokemon-scarlet-violet:term:本物(ほんもの) via entry/front contains 本物 | pokemon-scarlet-violet:term:本校(ほんこう) via entry/front contains 本校 | pokemon-scarlet-violet:term:本気で？(ほんきで？) via entry/front contains 本気で | pokemon-scarlet-violet:term:本格的(ほんかくてき) via entry/front contains 本格的,"book,volume,script,this,present,current,... in question,... at issue,main,head,principal,real,genuine,regular,proper,counter for long, cylindrical things,counter for films, TV shows, etc.,counter for goals, home runs, etc.,counter for telephone calls",『オレンジアカデミー校歌』という**本**がある読んでみようか？,1522150
好き,すき,56,147,2,covered_as_component_in_flashcard_entry,3,5,duel-masters-dm25:term:好きな数(すきなかず) via entry/front contains 好きな数 | duel-masters-dm25:grammar:好きな順序で(すきなじゅんじょで) via entry/front contains 好きな順序で | pokemon-scarlet-violet:term:大好き(だいすき) via entry/front contains 大好き | web-giapponese:term:好きな★3ぶきが出るまで(すきなほしさんぶきがでるまで) via entry/front contains 好きな★3ぶきが出るまで | web-giapponese:term:好きな(すきな) via entry/front contains 好きな,"liking,being fond of,to one's liking,to one's taste,preferred,favourite,liking (romantically),being in love with,beloved,faddism,eccentricity,as one likes,as it suits one,lecherous,lustful,salacious",**好きな**ポケモンにかこまれてし・あ・わ・せ…。！,1277450
個,こ,53,2175,1,covered_as_component_in_flashcard_entry,3,1,duel-masters-dm25:term:購入個数(こうにゅうこすう) via entry/front contains 購入個数,"counter for (small) things or pieces,counter for military units,(an) individual,one person,counter for years (of age difference),counter for school-years",２０００円で２００円のモンスターボールは１０**個**買うことができますが！,1264740
子,こ,45,213,0,covered_as_component_in_flashcard_entry,3,3,pokemon-scarlet-violet:term:調子(ちょうし) via entry/front contains 調子 | pokemon-scarlet-violet:term:様子(ようす) via entry/front contains 様子 | pokemon-scarlet-violet:term:迷子(まいご) via entry/front contains 迷子,"child,kid,teenager,youngster,young (non-adult) person,(one's) child,offspring,young woman,young (animal),offshoot,interest,new share,player who is not a dealer,young geisha,young prostitute,bird egg,-er (often of young women)",この**子**おくびょうだから力はあんまりだけど素早く動けるのよ！,1307770
何,なん,41,86,"0,1",covered_as_component_in_flashcard_entry,3,5,pokemon-scarlet-violet:term:何人(なんにん) via entry/front contains 何人 | pokemon-scarlet-violet:term:何匹(なんびき) via entry/front contains 何匹 | pokemon-scarlet-violet:term:何度でも(なんどでも) via entry/front contains 何度でも | web-giapponese:term:何度でも引き直せる(なんどでもひきなおせる) via entry/front contains 何度でも引き直せる | web-giapponese:term:何度でも(なんどでも) via entry/front contains 何度でも,"what,how many,many,a lot of,several,a few,some",ちょっと**何**言ってるかわかんないけど助かるぜ！,2846738
声,こえ,34,188,1,covered_as_component_in_flashcard_entry,3,1,pokemon-scarlet-violet:term:鳴き声(なきごえ) via entry/front contains 鳴き声,"voice,singing (of a bird),chirping (of an insect),hoot,voice,opinion (as expressed in words),view,wish,attitude,will,sound,sense (of something's arrival),feeling,voice,voiced sound",**声**はデカイしスキンシップヤバいしボタちゃんとか変な呼び方するし！,1380440
学,がく,30,6905,"0,1",covered_as_component_in_flashcard_entry,3,8,pokemon-scarlet-violet:term:学校(がっこう) via entry/front contains 学校 | pokemon-scarlet-violet:term:学園(がくえん) via entry/front contains 学園 | pokemon-scarlet-violet:term:数学(すうがく) via entry/front contains 数学 | pokemon-scarlet-violet:term:入学(にゅうがく) via entry/front contains 入学 | pokemon-scarlet-violet:term:学籍番号(がくせきばんごう) via entry/front contains 学籍番号 | pokemon-scarlet-violet:term:学生食堂(がくせいしょくどう) via entry/front contains 学生食堂 | pokemon-scarlet-violet:term:学生寮(がくせいりょう) via entry/front contains 学生寮 | pokemon-scarlet-violet:term:通学(つうがく) via entry/front contains 通学,"learning,scholarship,study,erudition,knowledge,education,study of ...,-ology,-ics",バトル**学**教師として負けるわけにはいかない悪いが本気を出させてもらうよ！,1955900
約,やく,27,2709,1,covered_as_component_in_flashcard_entry,3,1,pokemon-scarlet-violet:term:約束(やくそく) via entry/front contains 約束,"approximately,about,promise,appointment,engagement,shortening,reduction,simplification,contraction (in phonetics)",・**約**１０００年前・約２０００年前・約３０００年前４この学校は創立何年？,1538100
者,もの,26,310,2,covered_as_component_in_flashcard_entry,3,4,pokemon-scarlet-violet:term:挑戦者(ちょうせんしゃ) via entry/front contains 挑戦者 | pokemon-scarlet-violet:term:侵入者(しんにゅうしゃ) via entry/front contains 侵入者 | pokemon-scarlet-violet:term:守護者(しゅごしゃ) via entry/front contains 守護者 | web-giapponese:term:初心者(しょしんしゃ) via entry/front contains 初心者,person,・力・勇気・知恵５を欲する**者**はグレープを食べよ！,1322990
入れる,いれる,26,228,0,covered_as_component_in_flashcard_entry,3,1,web-giapponese:term:手に入れる(てにいれる) via entry/front contains 手に入れる,"to put in,to let in,to take in,to bring in,to insert,to install (e.g. software),to set (a jewel, etc.),to ink in (e.g. tattoo),to admit,to accept,to employ,to hire,to accept,to comply,to grant,to adopt (a policy, etc.),to take (advice, etc.),to listen to,to pay attention to,to include,to pay (one's rent, etc.),to cast (a vote),to make (tea, coffee, etc.),to turn on (a switch, etc.),to send (a fax),to call",一般人が**入れない**パルデアの大穴にはどんなポケモンがいるんじゃろう？,1465610
学生,がくせい,25,1924,0,covered_as_component_in_flashcard_entry,3,2,pokemon-scarlet-violet:term:学生食堂(がくせいしょくどう) via entry/front contains 学生食堂 | pokemon-scarlet-violet:term:学生寮(がくせいりょう) via entry/front contains 学生寮,student (esp. a university student),アオキさんも**学生**さんもどっちもがんばれー！,1206900
上,うえ,25,220,0,covered_as_component_in_flashcard_entry,3,17,duel-masters-dm25:term:合計(ごうけい) via entry/front contains すべてのシルドゾンにある表向きのカドの合計が3枚以上なら | duel-masters-dm25:term:究極進化(きゅうきょくしんか) via entry/front contains 進化しているクリチャの上にさらに重ねて出す | duel-masters-dm25:term:表向き(おもてむき) via entry/front contains 表向きのまま自分のシルド1つの上に置く | duel-masters-dm25:term:一番上(いちばんうえ) via entry/front contains 一番上 | duel-masters-dm25:term:無月の門(むげつのもん) via entry/front contains 自分の魔導具が出た時4枚の魔導具の上にコストを払わずに召喚してもよい | duel-masters-dm25:term:山札の上から1枚目(やまふだのうえからいちまいめ) via entry/front contains 山札の上から1枚目 | duel-masters-dm25:term:上限(じょうげん) via entry/front contains 上限 | duel-masters-dm25:grammar:あれば / ～であれば(あれば / であれば) via entry/front contains 自分の闇のクリチャが2体以上あれば,"above,over,up,top,summit,upper part,head (e.g. of a staircase),surface,on (top of),the above (in a piece of writing),earlier part,superior,better,higher (position, rank, etc.),upper (class),elder,older,senior,with respect to ...,in terms of,as far as ... is concerned,when (e.g. drunk),besides ...,in addition to ...,on top of ...,as well as ...,after ...,upon ...,on ...,with (e.g. full awareness),as a result of ...,since ...,now that ...,because ...,honorable,venerable,dear,emperor,sovereign,shogun,daimyo",……なんかビビってボールに戻ったえー心配だねもしかしてあの子いないと**上**に戻れん？,1352130
名,な,24,826,0,covered_as_component_in_flashcard_entry,3,3,pokemon-scarlet-violet:term:名前(なまえ) via entry/front contains 名前 | pokemon-scarlet-violet:term:有名(ゆうめい) via entry/front contains 有名 | pokemon-scarlet-violet:term:名乗る(なのる) via entry/front contains 名乗る,"name,given name,title,fame,renown,reputation,pretext,pretense,justification,appearance",自分謙虚やなぁ彼女の**名**はチリまいど！,1531330
変,へん,21,324,1,covered_as_component_in_flashcard_entry,3,7,duel-masters-dm25:term:変更(へんこう) via entry/front contains 変更 | pokemon-scarlet-violet:term:大変(たいへん) via entry/front contains 大変 | pokemon-scarlet-violet:term:変わる(かわる) via entry/front contains 変わる | pokemon-scarlet-violet:term:変更(へんこう) via entry/front contains 変更 | pokemon-scarlet-violet:term:能力変化(のうりょくへんか) via entry/front contains 能力変化 | pokemon-scarlet-violet:term:気が変わったら よろしくね(きがかわったら よろしくね) via entry/front contains 気が変わったらよろしくね | pokemon-scarlet-violet:term:変身(へんしん) via entry/front contains 変身,"strange,odd,peculiar,weird,curious,eccentric,funny,suspicious,fishy,unexpected,change,incident,disturbance,disaster,accident,emergency,flat",声はデカイしスキンシップヤバいしボタちゃんとか**変な**呼び方するし！,1510640
回,かい,20,1357,1,covered_as_component_in_flashcard_entry,3,10,duel-masters-dm25:grammar:～を{{2回|にかい}}{{行|おこな}}う(にかいおこなう) via entry/front contains を2回行う | duel-masters-dm25:grammar:～しか ... ない(しか) via entry/front contains 使用可能マナは3しか回復しない | pokemon-scarlet-violet:term:回復(かいふく) via entry/front contains 回復 | pokemon-scarlet-violet:term:一回(いっかい) via entry/front contains 一回 | pokemon-scarlet-violet:term:今回(こんかい) via entry/front contains 今回 | pokemon-scarlet-violet:term:回避率(かいひりつ) via entry/front contains 回避率 | pokemon-scarlet-violet:term:おまかせ回復(おまかせかいふく) via entry/front contains おまかせ回復 | pokemon-scarlet-violet:term:回復させる(かいふくさせる) via entry/front contains 回復させる,"counter for occurrences,a time,an instance,inning (baseball),round,game,episode,chapter,instalment,Hui (people),Islam",今エントリーしてる人数的に多分４**回**くらい勝てば優勝かな！,1199330
形,かたち,20,692,2,covered_as_component_in_flashcard_entry,3,8,duel-masters-dm25:term:刻解人形ジェニー・ジェーン(こくかいにんぎょう じぇにー じぇーん) via entry/front contains 刻解人形ジェニジェン | pokemon-scarlet-violet:grammar:可能形 via entry/front contains 可能形 | pokemon-scarlet-violet:grammar:た形 via entry/front contains た形 | pokemon-scarlet-violet:grammar:て形 via entry/front contains て形 | pokemon-scarlet-violet:grammar:ない形 via entry/front contains ない形 | pokemon-scarlet-violet:grammar:ます / 辞書形 via entry/front contains ます/辞書形 | pokemon-scarlet-violet:grammar:辞書形 + な via entry/front contains 辞書形+な | web-giapponese:grammar:〜すると(すると) via entry/front contains 動詞普通形+と,"(physical) form,shape,figure,visage,(facial) features,appearance (of a person),figure,looks,form (as opposed to substance),manner (of action),style,(outward) appearance,(resultant) state,situation,condition,form,behaviour (towards others),attitude,demeanor,manners,shape (positional qualities of a group of stones)",太陽のような花の**形**をしていていつも微笑んでいる姿が特徴的。,1250220
始まる,はじまる,20,446,0,covered_as_component_in_flashcard_entry,3,1,duel-masters-dm25:grammar:～で始まる(ではじまる) via entry/front contains で始まる,"to begin,to start,to commence,to happen (again),to begin (anew),to date (from),to originate (in)",けっこー話題の人だよあそうだ宝探しってやつ**始まった**んでしょー？,1307500
本当に,ほんとうに,20,248,"5,0",covered_as_component_in_flashcard_entry,3,1,pokemon-scarlet-violet:term:本当に よろしいですか？(ほんとうに よろしいですか) via entry/front contains 本当によろしいですか,"really,truly",よかった**本当に**心配した…。！,1611580
家,いえ,19,195,2,covered_as_component_in_flashcard_entry,3,1,pokemon-scarlet-violet:term:家庭科(かていか) via entry/front contains 家庭科,"house,residence,dwelling,home,family,household,lineage,family name",……ひとの**家**の冷蔵庫を勝手に開けるのはやめておこう！,1191730
手,て,19,160,1,covered_as_component_in_flashcard_entry,3,31,duel-masters-dm25:term:ブロッカー(ぶろっかー) via entry/front contains 相手プレイヤを攻撃できない相手のクリチャが攻撃する時かわりにこのクリチャをタップしてもよい | duel-masters-dm25:term:手札(てふだ) via entry/front contains 手札 | duel-masters-dm25:term:相手(あいて) via entry/front contains 相手 | duel-masters-dm25:term:破壊(はかい) via entry/front contains 相手のパワ2000以下のクリチャをすべて破壊する | duel-masters-dm25:term:すべて(すべて) via entry/front contains その中からメタリカドラゴン呪文をすべて手札に加え | duel-masters-dm25:term:入手(にゅうしゅ) via entry/front contains 入手 | duel-masters-dm25:term:パックから入手(パックからにゅうしゅ) via entry/front contains パックから入手 | duel-masters-dm25:grammar:～時 / ～た時(とき / たとき) via entry/front contains 相手のタン中に相手のマナゾンにあるカドの枚数よりコストが大きい相手のクリチャが出る時,"hand,arm,forepaw,foreleg,handle,hand,worker,help,trouble,care,effort,means,way,trick,move,technique,workmanship,hand,handwriting,kind,type,sort,one's hands,one's possession,ability to cope,hand (of cards),direction,move (in go, shogi, etc.)",お前さんにゃ恩義はあるがどっこい**手**は抜かんからな！,1327190
体,からだ,19,317,1,covered_as_component_in_flashcard_entry,3,7,duel-masters-dm25:term:自身(じしん) via entry/front contains 各プレイヤは自身のクリチャを1体選び | duel-masters-dm25:term:最大(さいだい) via entry/front contains 最大1体ずつ選び | duel-masters-dm25:grammar:あれば / ～であれば(あれば / であれば) via entry/front contains 自分の闇のクリチャが2体以上あれば | duel-masters-dm25:grammar:～てから via entry/front contains その中から呪文を1枚またはメタリカを1体相手に見せてから手札に加えてもよい | pokemon-scarlet-violet:term:体力(たいりょく) via entry/front contains 体力 | pokemon-scarlet-violet:term:正体(しょうたい) via entry/front contains 正体 | pokemon-scarlet-violet:grammar:frase relativa (連体修飾) via entry/front contains fraserelativa連体修飾,"body,torso,trunk,build,physique,frame,figure,health,constitution",もポケモンも**体**温まって準備万端だ！,1409140
以外,いがい,18,436,1,covered_as_component_in_flashcard_entry,3,2,duel-masters-dm25:grammar:～以外の方法で(いがいのほうほうで) via entry/front contains 以外の方法で | duel-masters-dm25:grammar:それ以外なら(それいがいなら) via entry/front contains それ以外なら,"excluding,except (for),apart from,other than,besides,in addition to,outside (a boundary, scope, etc.)",シュウメイ殿にはスター団**以外**にもぼくっていう同胞がいるんだって！,1155090
見える,みえる,18,144,2,covered_as_component_in_flashcard_entry,3,1,pokemon-scarlet-violet:grammar:～ようだ / ～ように見える via entry/front contains ようだ/ように見える,"to be seen,to be visible,to be in sight,to look,to seem,to appear,to come",カーテンの隙間からビーチが**見える**！,1259140
景,けい,17,26633,1,covered_as_component_in_flashcard_entry,3,1,pokemon-scarlet-violet:term:景色(けしき) via entry/front contains 景色,"vista,view,scene,scenic view,counter for scenes (in a play)",・２つ・３つ・４つ４パルデア十**景**で１００万ボルトの夜景と呼ばれている町の名前は？,2664230
残り,のこり,17,1211,3,covered_as_component_in_flashcard_entry,3,1,duel-masters-dm25:grammar:残りのゲーム中(のこりのげーむちゅう) via entry/front contains 残りのゲム中,"remainder,remnant,the rest,what is left,balance,leftovers",なら絶対チャンピオンランクになる**残り**のジムも絶対ぜたい大丈夫だから！,1304480
十,じゅう,17,2497,"1,0",covered_as_component_in_flashcard_entry,3,1,duel-masters-dm25:term:轟破天九十九語(ごうはてんつくもがたり) via entry/front contains 轟破天九十九語,"ten,10,ten years of age,book containing a collection of poems",・２つ・３つ・４つ４パルデア**十**景で１００万ボルトの夜景と呼ばれている町の名前は？,1579840
色,いろ,15,888,2,covered_as_component_in_flashcard_entry,3,6,duel-masters-dm25:term:無色呪文(むしょく じゅもん) via entry/front contains 無色呪文 | duel-masters-dm25:term:多色(たしょく) via entry/front contains 多色 | duel-masters-dm25:grammar:こうして見せた無色カード1枚につき(こうしてみせたむしょくかーどいちまいにつき) via entry/front contains こうして見せた無色カド1枚につき | pokemon-scarlet-violet:term:色違い(いろちがい) via entry/front contains 色違い | pokemon-scarlet-violet:term:景色(けしき) via entry/front contains 景色 | web-giapponese:term:色々(いろいろ) via entry/front contains 色々,"colour,color,hue,tint,tinge,shade,complexion,skin colour,skin color,look (on one's face),expression,appearance,air,feeling,personality,character,tone (of one's voice, etc.),tune,sound,ring,love,lust,sensuality,love affair,lover,paramour,beauty,sexiness,physical appeal,kind,type,variety",フラベベはいろんな**色**がいるけどわたしは赤いフラベベが好き！,1357600
方,ほう,15,163,1,covered_as_component_in_flashcard_entry,3,8,duel-masters-dm25:grammar:～以外の方法で(いがいのほうほうで) via entry/front contains 以外の方法で | pokemon-scarlet-violet:term:地方(ちほう) via entry/front contains 地方 | pokemon-scarlet-violet:term:味方(みかた) via entry/front contains 味方 | pokemon-scarlet-violet:term:方法(ほうほう) via entry/front contains 方法 | pokemon-scarlet-violet:term:〜のやり方(〜のやりかた) via entry/front contains のやり方 | pokemon-scarlet-violet:term:方角(ほうがく) via entry/front contains 方角 | pokemon-scarlet-violet:term:動き方(うごきかた) via entry/front contains 動き方 | web-giapponese:term:考え方(かんがえかた) via entry/front contains 考え方,"direction,way,side,area (in a particular direction),side (of an argument, etc.),one's part,type,category,field (of study, etc.),indicates one side of a comparison,way,method,manner,means,length (of each side of a square)",それでは最後に一番大事な質問です貴方が一番好きなジムリーダーはどの**方**ですか？,1516930
用,よう,15,519,1,covered_as_component_in_flashcard_entry,3,9,duel-masters-dm25:term:使用(しよう) via entry/front contains 使用 | duel-masters-dm25:term:使用可能(しようかのう) via entry/front contains 使用可能 | duel-masters-dm25:grammar:～しか ... ない(しか) via entry/front contains 使用可能マナは3しか回復しない | gundam-arsenal-base:term:ゲルググメナース(ルナマリア・ホーク専用機)(げるぐぐめなーす るなまりあほーくせんようき) via entry/front contains ゲルググメナスルナマリアホク専用機 | gundam-arsenal-base:term:専用機(せんようき) via entry/front contains 専用機 | gundam-arsenal-base:grammar:～専用機 via entry/front contains 専用機 | pokemon-scarlet-violet:term:用意(ようい) via entry/front contains 用意 | pokemon-scarlet-violet:term:使用(しよう) via entry/front contains 使用,"business,task,errand,engagement,use,purpose,for the use of ...,used for ...,made for ...,call of nature,excretion",……**用**は済んだろひとりにさせろよスター団のメロコ会ってほしいポケモンがいる……なんだテメーボウ！,1546200
２つ,ふたつ,14,1652,"0,3",covered_as_component_in_flashcard_entry,3,2,duel-masters-dm25:term:B・A・D 2(びーえーでぃーつー) via entry/front contains このクリチャの召喚コストを2つ少なくしてもよいそうした場合このタン終了時にこのクリチャを破壊する | duel-masters-dm25:grammar:～ずつ(ずつ) via entry/front contains バトルゾンと墓地から2つずつ選ぶ,two,**２つ**のヨロイから１つをえらんでへんしんしてゲンガーをやっつけて！,1461160
絵,え,14,1686,1,covered_as_component_in_flashcard_entry,3,1,pokemon-scarlet-violet:term:挿絵(さしえ) via entry/front contains 挿絵,"picture,drawing,painting,sketch,image (TV, film, etc.),picture,footage",タイトル『ストレッチする女』……えもいわれぬ**絵**だ！,1202270
分,ぶん,14,520,1,covered_as_component_in_flashcard_entry,3,21,duel-masters-dm25:term:自分(じぶん) via entry/front contains 自分 | duel-masters-dm25:term:分解(ぶんかい) via entry/front contains 分解 | duel-masters-dm25:term:スーパー・S・トリガー(すーぱーしーるどとりがー) via entry/front contains その時自分のシルドが1つもなければこのカドに能力を与える | duel-masters-dm25:term:表向き(おもてむき) via entry/front contains 表向きのまま自分のシルド1つの上に置く | duel-masters-dm25:term:無月の門(むげつのもん) via entry/front contains 自分の魔導具が出た時4枚の魔導具の上にコストを払わずに召喚してもよい | duel-masters-dm25:term:山札の上から1枚目(やまふだのうえからいちまいめ) via entry/front contains 自分の山札の上から1枚目を表向きにする | duel-masters-dm25:term:山札の一番下(やまふだのいちばんした) via entry/front contains 自分の山札の一番下に置く | duel-masters-dm25:term:持つ(もつ) via entry/front contains 自分のマナゾンにあるカドの枚数以下のコストを持つドラゴンエレメント,"part,portion,share,amount,worth (as in ""two days' worth""),enough (for),one's means,one's place,one's lot,one's social position,one's duty,one's part,condition,state (of affairs),extent,rate (as in ""at this rate""),in proportion to,just as much as,to the same degree,content (e.g. alcohol),percentage,equivalent to (e.g. an old brother)",でも強さ１０倍で１０匹**分**ですキョジオーンさんもう少しかくばってくださいないいわー！,1502860
気,き,13,245,0,covered_as_component_in_flashcard_entry,3,13,pokemon-scarlet-violet:term:元気(げんき) via entry/front contains 元気 | pokemon-scarlet-violet:term:気持ち(きもち) via entry/front contains 気持ち | pokemon-scarlet-violet:term:気をつけて(きをつけて) via entry/front contains 気をつけて | pokemon-scarlet-violet:term:本気(ほんき) via entry/front contains 本気 | pokemon-scarlet-violet:term:気分(きぶん) via entry/front contains 気分 | pokemon-scarlet-violet:term:本気で(ほんきで) via entry/front contains 本気で | pokemon-scarlet-violet:term:お気に入り(おきにいり) via entry/front contains お気に入り | pokemon-scarlet-violet:term:一気に(いっきに) via entry/front contains 一気に,"spirit,mind,heart,nature,disposition,intention,mind,will,motivation,mood,feelings,consciousness,care,attention,consideration,worry,interest,(the) air,atmosphere,ambience,atmosphere (of),air (of),mood,fragrance,aroma,flavour,taste,qi (in traditional Chinese philosophy and medicine),chi,ki",足もと**気**ィつけやちぃと揺れるからなあ！,1221520
小さい,ちいさい,13,619,3,covered_as_component_in_flashcard_entry,3,1,duel-masters-dm25:term:最も小さい(もっともちいさい) via entry/front contains 最も小さい,"small,little,tiny,slight,below average (in degree, amount, etc.),minor,small,low (e.g. sound),soft (e.g. voice),unimportant,petty,insignificant,trifling,trivial,young,juvenile",大きかったり**小さかったり**でほめてくれる人がこの町にいるみたいよピカチュウのうなじかわいいー！,1347750
お疲れ,おつかれ,12,1810,0,covered_as_component_in_flashcard_entry,3,1,pokemon-scarlet-violet:term:お疲れさまです(おつかれさまです) via entry/front contains お疲れさまです,"thanks (for coming, helping, etc.),glad you could make it,tiredness,fatigue",お待ちくださいさんのポケモンは少し**お疲れ**のようですよごめーん！,2827267
間,あいだ,12,308,0,covered_as_component_in_flashcard_entry,3,9,duel-masters-dm25:term:交換期間(こうかんきかん) via entry/front contains 交換期間 | duel-masters-dm25:term:販売期間(はんばいきかん) via entry/front contains 販売期間 | pokemon-scarlet-violet:term:時間(じかん) via entry/front contains 時間 | pokemon-scarlet-violet:term:仲間(なかま) via entry/front contains 仲間 | pokemon-scarlet-violet:term:中間テスト(ちゅうかんてすと) via entry/front contains 中間テスト | pokemon-scarlet-violet:term:制限時間(せいげんじかん) via entry/front contains 制限時間 | pokemon-scarlet-violet:term:あっという間に(あっというまに) via entry/front contains あっという間に | pokemon-scarlet-violet:grammar:～間 / ～間に via entry/front contains 間/間に,"space (between),gap,interval,distance,stretch,period of time (during, while),duration,interval,between (two parties or things),among (a group),relations (between),relationship,midpoint,average,halfway,middle ground,due to,because of",がリーグに挑んでる**間**ポケモンの技の組み合わせ全パターン見なおさないと！,1215230
当,とう,12,5844,1,covered_as_component_in_flashcard_entry,3,4,pokemon-scarlet-violet:term:本当(ほんとう) via entry/front contains 本当 | pokemon-scarlet-violet:term:本当に よろしいですか？(ほんとうに よろしいですか) via entry/front contains 本当によろしいですか | pokemon-scarlet-violet:term:担当(たんとう) via entry/front contains 担当 | pokemon-scarlet-violet:term:お弁当(おべんとう) via entry/front contains お弁当,"this,our,the ... in question,the said ...,right,justice,fairness,checking account",殿堂バッジ記録**当**アカデミーでは素晴らしい功績をあげた生徒に殿堂バッジを贈呈しています。,2081170
味,あじ,12,1013,0,covered_as_component_in_flashcard_entry,3,3,pokemon-scarlet-violet:term:意味(いみ) via entry/front contains 意味 | pokemon-scarlet-violet:term:味方(みかた) via entry/front contains 味方 | pokemon-scarlet-violet:term:調味料(ちょうみりょう) via entry/front contains 調味料,"flavor,flavour,taste,charm,appeal,uniqueness,attractiveness,experience,taste (e.g. of victory),smart,clever,witty,strange,aji,position that has some lingering potential that may be exploited later in the game",お店で手作りプロの**味**！,1526960
完成,かんせい,11,1416,0,covered_as_component_in_flashcard_entry,3,1,pokemon-scarlet-violet:term:図鑑完成(ずかんかんせい) via entry/front contains 図鑑完成,"completion,perfection,accomplishment",わたしの質問に図鑑の**完成**を目指すって言ってくれたよね！,1211490
心,こころ,11,277,"2,3",covered_as_component_in_flashcard_entry,3,3,pokemon-scarlet-violet:term:心配(しんぱい) via entry/front contains 心配 | pokemon-scarlet-violet:term:安心(あんしん) via entry/front contains 安心 | web-giapponese:term:初心者(しょしんしゃ) via entry/front contains 初心者,"mind,heart,spirit,the meaning of a phrase (riddle, etc.)",坂道が思ってたよりキツくてへとへとこんなときは食事して**心**も体もリフレッシュ！,1360480
命中,めいちゅう,11,9087,0,covered_as_component_in_flashcard_entry,3,1,pokemon-scarlet-violet:term:命中率(めいちゅうりつ) via entry/front contains 命中率,"(direct) hit,hitting the mark",**命中**で話題にあがるのはなみのりとハイドロポンプかしら？,1532090
１つ,ひとつ,10,1121,2,covered_as_component_in_flashcard_entry,3,7,duel-masters-dm25:term:スーパー・S・トリガー(すーぱーしーるどとりがー) via entry/front contains その時自分のシルドが1つもなければこのカドに能力を与える | duel-masters-dm25:term:表向き(おもてむき) via entry/front contains 表向きのまま自分のシルド1つの上に置く | duel-masters-dm25:grammar:1つずつ(ひとつずつ) via entry/front contains 1つずつ | duel-masters-dm25:grammar:～のうち(のうち) via entry/front contains 次のうちいずれか1つを選ぶ | duel-masters-dm25:grammar:いずれか(いずれか) via entry/front contains いずれか1つ | duel-masters-dm25:grammar:1つでも(ひとつでも) via entry/front contains 1つでも | duel-masters-dm25:grammar:そのカードと同じ文明を1つでも持つ(そのカードとおなじぶんめいをひとつでももつ) via entry/front contains そのカドと同じ文明を1つでも持つ,"one,for one thing,only,(not) even,just (e.g. ""just try it""),some kind of,one type of",２つのヨロイから**１つ**をえらんでへんしんしてゲンガーをやっつけて！,1160820
ＯＫ,オーケー,10,2900,"1,2,3",covered_as_component_in_flashcard_entry,3,1,pokemon-scarlet-violet:term:これでＯＫ(これでおーけー) via entry/front contains これでOK,"OK,okay,fine (without),not needed,unnecessary,all right",スター団にケンカ売るなんてキミってマジ命知らずだよさわりは**ＯＫ**！,1031600
異常,いじょう,10,1689,0,covered_as_component_in_flashcard_entry,3,1,pokemon-scarlet-violet:term:状態異常(じょうたいいじょう) via entry/front contains 状態異常,"abnormal,unusual,extraordinary,remarkable,uncommon",きのみをあげる状態**異常**にする力の差を見せるあれれー？,1157760
下,した,10,442,"1,0",covered_as_component_in_flashcard_entry,3,14,duel-masters-dm25:term:破壊(はかい) via entry/front contains 相手のパワ2000以下のクリチャをすべて破壊する | duel-masters-dm25:term:山札の一番下(やまふだのいちばんした) via entry/front contains 山札の一番下 | duel-masters-dm25:term:一番下(いちばんした) via entry/front contains 一番下 | duel-masters-dm25:term:持つ(もつ) via entry/front contains 自分のマナゾンにあるカドの枚数以下のコストを持つドラゴンエレメント | duel-masters-dm25:term:下記(かき) via entry/front contains 下記 | duel-masters-dm25:term:下記に表示している(かきにひょうじしている) via entry/front contains 下記に表示している | duel-masters-dm25:grammar:～以下 / ～以上(いか / いじょう) via entry/front contains 以下/以上 | duel-masters-dm25:grammar:～ように via entry/front contains 6以下になるよう,"below,down,under,younger (e.g. daughter),bottom,beneath,underneath,just after,right after,inferiority,one's inferior (i.e. one's junior),trade-in,preliminary,preparatory",**下**に着いたら連絡する無事を祈っているよ……強引なヤツエリアゼロのポケモン楽しみ！,1184140
坂,さか,10,7323,"2,1",covered_as_component_in_flashcard_entry,3,1,pokemon-scarlet-violet:term:坂道(さかみち) via entry/front contains 坂道,"slope,incline,hill,milestone,(age) mark",町の中は**坂**とか階段多いからひと休みして追いかけるね！,1297110
体,たい,10,1681,1,covered_as_component_in_flashcard_entry,3,7,duel-masters-dm25:term:自身(じしん) via entry/front contains 各プレイヤは自身のクリチャを1体選び | duel-masters-dm25:term:最大(さいだい) via entry/front contains 最大1体ずつ選び | duel-masters-dm25:grammar:あれば / ～であれば(あれば / であれば) via entry/front contains 自分の闇のクリチャが2体以上あれば | duel-masters-dm25:grammar:～てから via entry/front contains その中から呪文を1枚またはメタリカを1体相手に見せてから手札に加えてもよい | pokemon-scarlet-violet:term:体力(たいりょく) via entry/front contains 体力 | pokemon-scarlet-violet:term:正体(しょうたい) via entry/front contains 正体 | pokemon-scarlet-violet:grammar:frase relativa (連体修飾) via entry/front contains fraserelativa連体修飾,"body,physique,posture,shape,form,style,substance,identity,reality,field,counter for humanoid forms (e.g. dolls, statues, corpses, etc.),typeface,type",大きなパイプがひしゃげた状態で横たわっている結晶**体**がユニットを浸食している…。？,1409150
代わり,かわり,10,820,0,covered_as_component_in_flashcard_entry,3,1,duel-masters-dm25:grammar:かわりに via entry/front contains 代わりに,"substitute,replacement,substituting,replacing,stand-in,proxy,alternate,deputy,relief,successor,compensation,exchange,return,another helping,second helping,seconds,refill,upcoming program,upcoming programme",ちょっと手続きが必要だから**代わり**にやってくるね！,1590770
大,だい,10,795,1,covered_as_component_in_flashcard_entry,3,17,duel-masters-dm25:term:最も大きい(もっともおおきい) via entry/front contains 最も大きい | duel-masters-dm25:term:大きい(おおきい) via entry/front contains 大きい | duel-masters-dm25:term:最大(さいだい) via entry/front contains 最大 | duel-masters-dm25:grammar:～時 / ～た時(とき / たとき) via entry/front contains 相手のタン中に相手のマナゾンにあるカドの枚数よりコストが大きい相手のクリチャが出る時 | duel-masters-dm25:grammar:～より(より) via entry/front contains 枚数よりコストが大きい | pokemon-scarlet-violet:term:大丈夫(だいじょうぶ) via entry/front contains 大丈夫 | pokemon-scarlet-violet:term:大丈夫？(だいじょうぶ？) via entry/front contains 大丈夫 | pokemon-scarlet-violet:term:大事(だいじ) via entry/front contains 大事,"large,big,great,huge,vast,major,important,serious,severe,great,prominent,eminent,distinguished,-sized,as big as,the size of,university,large (e.g. serving size),large option,long month (i.e. having 31 days)",難易度の高すぎる**大**探索は大穴のその神秘性を高めるのにさぞや貢献しただろうなああ…。！,2082450
的,てき,10,817,0,covered_as_component_in_flashcard_entry,3,2,pokemon-scarlet-violet:term:目的地(もくてきち) via entry/front contains 目的地 | pokemon-scarlet-violet:term:本格的(ほんかくてき) via entry/front contains 本格的,"-ical,-ive,-al,-ic,-y,-like,-ish,-sort of,-kind of,(something) like,along the lines of,-wise,in terms of,for,from the viewpoint of,from a ... standpoint,as far as ... is concerned,Mr.,Ms.,Mrs.",スター団で一番強いボスさトレーナーでいうトップチャンピオン**的な**？,1437260
聞く,きく,86,62,0,seen_as_inflected_form_in_flashcard_text,4,3,pokemon-scarlet-violet:term:先輩(せんぱい) via inflected/text 聞き | pokemon-scarlet-violet:term:鳴き声(なきごえ) via inflected/text 聞こ | pokemon-scarlet-violet:term:目指す(めざす) via inflected/text 聞か,"to hear,to listen (e.g. to music),to ask,to enquire,to query,to hear about,to hear of,to learn of,to follow (advice, order, etc.),to obey,to listen to,to comply with,to hear (e.g. a plea),to grant (a request),to accept (e.g. an argument),to give consideration to,to smell (esp. incense),to sample (a fragrance),to taste (alcohol),to try",どうしてもあんたに会って直接話がしたいそうだシュウメイ殿**聞いて**！,1591110
待つ,まつ,84,80,1,seen_as_inflected_form_in_flashcard_text,4,11,pokemon-scarlet-violet:term:もう(もう) via inflected/text 待っ | pokemon-scarlet-violet:term:待って(まって) via inflected/text 待っ | pokemon-scarlet-violet:term:場所(ばしょ) via inflected/text 待っ | pokemon-scarlet-violet:term:〜してくれる？(〜してくれる？) via inflected/text 待っ | pokemon-scarlet-violet:term:ちょっと待って(ちょっとまって) via inflected/text 待っ | pokemon-scarlet-violet:term:ずっと(ずっと) via inflected/text 待っ | pokemon-scarlet-violet:term:しばらく お待ちください(しばらく おまちください) via inflected/text 待ち | pokemon-scarlet-violet:grammar:～てる via inflected/text 待っ,"to wait,to await,to look forward to,to anticipate,to depend on,to need",バトルコートで**待ってる**からー！,1410590
違う,ちがう,76,111,2,seen_as_inflected_form_in_flashcard_text,4,2,pokemon-scarlet-violet:term:色違い(いろちがい) via inflected/text 違い | pokemon-scarlet-violet:grammar:～だって via inflected/text 違え,"to differ (from),to be different,to be distinct,to be unlike,to vary,to disagree (with),to be wrong,to be incorrect,to be mistaken,to become abnormal,to go wrong,isn't it?,wasn't it?",ボックスはポケモンをあずけるもの生まれるとはちょっと**違います**かねえ？,1158880
食べる,たべる,76,197,2,seen_as_inflected_form_in_flashcard_text,4,3,pokemon-scarlet-violet:grammar:～たい via inflected/text 食べた | pokemon-scarlet-violet:grammar:可能形 via inflected/text 食べら | pokemon-scarlet-violet:grammar:～よう via inflected/text 食べよう,"to eat,to live on (e.g. a salary),to live off,to subsist on",寝る前にお菓子**食べて**も怒られないんでしょ？,1358280
入る,はいる,60,105,0,seen_as_inflected_form_in_flashcard_text,4,21,duel-masters-dm25:term:カード交換(かーどこうかん) via inflected/text 入れ | duel-masters-dm25:term:ドラゴンギルド(どらごんぎるど) via inflected/text 入っ | duel-masters-dm25:term:革命チェンジ(かくめいチェンジ) via inflected/text 入れ | duel-masters-dm25:term:入れ替える(いれかえる) via inflected/text 入れ | duel-masters-dm25:grammar:～時 / ～た時(とき / たとき) via inflected/text 入っ | duel-masters-dm25:grammar:～を選択(をせんたく) via inflected/text 入れ | duel-masters-dm25:grammar:～てから via inflected/text 入れ | duel-masters-dm25:grammar:～でも～でもない(でも でも ない) via inflected/text 入ら,"to enter,to come in,to go in,to get in,to arrive,to join (a club, company, etc.),to enter (a university, the army, etc.),to enroll (in),to go into (e.g. politics),to get into,to be contained (in),to be included (in),to be inside (e.g. a box),to come under (a heading),to belong (in a category),to (be able to) fit (in a container, building, etc.),to be (able to be) held,to be (able to be) accommodated,to be introduced,to be brought in,to be installed,to be received,to be obtained,to be scored (of points),to be won (of votes),to turn on,to start functioning,to start working,to enter (a month, season, etc.),to reach (e.g. a climax),to get to (e.g. the main topic),to enter into (e.g. negotiations),to start (doing),to begin,to form (of a crack, fissure, etc.),to develop,to be put in (of effort, spirit, feeling, etc.),to be applied (e.g. of strength),to be ready (of tea, coffee, etc.),to be made,to enter the body (of alcohol),to become drunk",あの子最近**入った**んだけどかなり態度悪いんだよね…。,1465590
呼ぶ,よぶ,43,187,0,seen_as_inflected_form_in_flashcard_text,4,8,gundam-arsenal-base:term:アミューズメントICカード(あみゅーずめんとあいしーかーど) via inflected/text 呼び | gundam-arsenal-base:term:呼び出す(よびだす) via inflected/text 呼び | gundam-arsenal-base:term:アマテ・ユズリハ(マチュ)(あまてゆずりは まちゅ) via inflected/text 呼び | gundam-arsenal-base:grammar:～(～) via inflected/text 呼び | pokemon-scarlet-violet:term:緊急事態(きんきゅうじたい) via inflected/text 呼び | pokemon-scarlet-violet:term:守護者(しゅごしゃ) via inflected/text 呼ば | pokemon-scarlet-violet:term:学籍番号(がくせきばんごう) via inflected/text 呼ば | pokemon-scarlet-violet:term:校長室(こうちょうしつ) via inflected/text 呼ば,"to call out (to),to call,to invoke,to summon (a doctor, etc.),to invite,to designate,to name,to brand,to garner (support, etc.),to gather,to take as one's wife",お姉ちゃんもいるしわたしはやりたいようにやってるよーお父さまって**呼んで**んだ…。！？,1266440
読む,よむ,43,473,1,seen_as_inflected_form_in_flashcard_text,4,12,duel-masters-dm25:grammar:～しか ... ない(しか) via inflected/text 読ん | duel-masters-dm25:grammar:自分の光のクリーチャーの召喚コストを1、火のクリーチャーの召喚コストを1少なくしてもよい(じぶんのひかりのくりーちゃーのしょうかんこすとをいち、ひのくりーちゃーのしょうかんこすとをいちすくなくしてもよい) via inflected/text 読み | duel-masters-dm25:grammar:～ものとして(ものとして) via inflected/text 読み | gundam-arsenal-base:term:赤いガンダム(0085)(あかいがんだむ ぜろぜろはちご) via inflected/text 読ま | gundam-arsenal-base:term:キラ・ヤマト＆ラクス・クライン(きらやまとあんどらくすくらいん) via inflected/text 読み | gundam-arsenal-base:term:アマテ・ユズリハ(マチュ)(あまてゆずりは まちゅ) via inflected/text 読み | gundam-arsenal-base:term:専用機(せんようき) via inflected/text 読み | gundam-arsenal-base:grammar:～専用機 via inflected/text 読み,"to read,to recite (e.g. a sutra),to chant,to predict,to guess,to forecast,to read (someone's thoughts),to see (e.g. into someone's heart),to divine,to pronounce,to read (e.g. a kanji),to decipher,to read (a meter, graph, music, etc.),to tell (the time),to count,to estimate,to read (a kanji) with its native Japanese reading",,1456360
話す,はなす,40,181,2,seen_as_inflected_form_in_flashcard_text,4,6,pokemon-scarlet-violet:term:校長(こうちょう) via inflected/text 話し | pokemon-scarlet-violet:term:ライバル(らいばる) via inflected/text 話し | pokemon-scarlet-violet:term:用意(ようい) via inflected/text 話し | pokemon-scarlet-violet:term:迷子(まいご) via inflected/text 話し | pokemon-scarlet-violet:term:教員(きょういん) via inflected/text 話し | pokemon-scarlet-violet:grammar:～ている via inflected/text 話し,"to talk,to speak,to converse,to chat,to tell,to explain,to narrate,to mention,to describe,to discuss,to speak (a language)",……ちょっと**話したい**ことあるかもここじゃなんだしうるさくないとこ行こどどぞこれうちの部屋…。,1562350
足りる,たりる,38,682,0,seen_as_inflected_form_in_flashcard_text,4,2,gundam-arsenal-base:term:出撃(しゅつげき) via inflected/text 足りた | pokemon-scarlet-violet:term:足りない / 足りません(たりない / たりません) via inflected/text 足りない,"to be sufficient,to be enough,to be worth doing,to be worthy of,to deserve,to do (the job),to serve,to answer",ＬＰが**足りない**ですね現金でも支払えますよは持ちきれないですよ大事に使ってくださいね必要なものほかございますか？,1404740
多い,おおい,38,330,"1,2",seen_as_inflected_form_in_flashcard_text,4,2,duel-masters-dm25:grammar:～しか ... ない(しか) via inflected/text 多く | duel-masters-dm25:grammar:自分のシールドの数が相手より多ければ(じぶんのしーるどのかずがあいてよりおおければ) via inflected/text 多ければ,"many,numerous,a lot,large amount of,large quantity of,a lot,much,frequent,common",自分の部屋より教室で勉強するほうがはかどるね夜だとゴーストタイプのポケモン**多くない**？,1407460
考える,かんがえる,36,100,"4,3",seen_as_inflected_form_in_flashcard_text,4,3,gundam-arsenal-base:term:ユニット(ゆにっと) via inflected/text 考えます | gundam-arsenal-base:term:ゲルググメナース(ルナマリア・ホーク専用機)(げるぐぐめなーす るなまりあほーくせんようき) via inflected/text 考えます | gundam-arsenal-base:term:リンクアビリティ(りんくあびりてぃ) via inflected/text 考えら,"to think (about, of),to think over,to ponder,to contemplate,to reflect (on),to meditate (on),to consider,to bear in mind,to allow for,to take into consideration,to think (that),to believe,to hold (a view),to judge,to conclude,to suspect,to intend (to do),to think of (doing),to plan,to predict,to anticipate,to expect,to imagine,to come up with,to think up,to contrive,to devise,to consider (as),to regard (as),to look on (as),to take,to view",少しの間手持ち**考える**時間ちょうだい！,1281020
書く,かく,32,311,1,seen_as_inflected_form_in_flashcard_text,4,12,duel-masters-dm25:term:裁きの紋章(さばきのもんしょう) via inflected/text 書い | duel-masters-dm25:term:能力(のうりょく) via inflected/text 書い | duel-masters-dm25:term:これら(これら) via inflected/text 書い | duel-masters-dm25:grammar:次の～(つぎの) via inflected/text 書か | duel-masters-dm25:grammar:残りのゲーム中(のこりのげーむちゅう) via inflected/text 書か | gundam-arsenal-base:term:EXバトル(いーえっくすばとる) via inflected/text 書い | gundam-arsenal-base:term:専用機(せんようき) via inflected/text 書か | pokemon-scarlet-violet:term:レポート(レポート) via inflected/text 書い,"to write,to compose,to pen,to draw,to paint",分厚い本には歴代の生徒の名前や在学時期がびっしりと**書かれている**！,1343950
休む,やすむ,31,602,2,seen_as_inflected_form_in_flashcard_text,4,5,pokemon-scarlet-violet:term:〜しても いいし(〜しても いいし) via inflected/text 休ん | pokemon-scarlet-violet:term:〜してもいいからね(〜してもいいからね) via inflected/text 休ん | pokemon-scarlet-violet:term:お疲れさまです(おつかれさまです) via inflected/text 休ま | pokemon-scarlet-violet:grammar:～てね via inflected/text 休ん | pokemon-scarlet-violet:grammar:～てもいい via inflected/text 休ん,"to be absent,to take a day off,to rest,to have a break,to go to bed,to (lie down to) sleep,to turn in,to retire,to stop doing some ongoing activity for a time,to suspend business",だったらなおさら戻って少しでも**休む**の！,1227560
見せる,みせる,31,219,2,seen_as_inflected_form_in_flashcard_text,4,5,duel-masters-dm25:term:メタリカ(めたりか) via inflected/text 見せて | duel-masters-dm25:grammar:～てから via inflected/text 見せて | duel-masters-dm25:grammar:こうして見せた無色カード1枚につき(こうしてみせたむしょくかーどいちまいにつき) via inflected/text 見せた | duel-masters-dm25:grammar:見せたカードはすべて(みせたかーどはすべて) via inflected/text 見せた | duel-masters-dm25:grammar:山札の上か下のどちらかに戻す(やまふだのうえかしたのどちらかにもどす) via inflected/text 見せた,"to show,to display,to make (something or someone) look ...,to present an appearance of ...,to make (something) worth watching,to be entertaining,to have (something) looked at (by a specialist),to have (an antique, etc.) appraised,to have (an injury, person, etc.) looked at (by a doctor),to take (someone) to a doctor,to make a show of (doing),to do in a conspicuous manner,to do in view of others,to resolve to do,to do at any cost,to show others that one will ...",もう背中は**見せない**…。,1259210
学ぶ,まなぶ,23,1789,"0,2",seen_as_inflected_form_in_flashcard_text,4,1,pokemon-scarlet-violet:term:課外授業(かがいじゅぎょう) via inflected/text 学べ,"to learn,to study,to take lessons in",学校の外で冒険しながら自由に**学べて**楽しいんだよ！,1206530
正しい,ただしい,23,957,3,seen_as_inflected_form_in_flashcard_text,4,1,web-giapponese:term:入力する(にゅうりょくする) via inflected/text 正しく,"right,correct,proper,righteous,just,honest,truthful,lawful",さすが**正しい**判断ですそのまま続けてくださいどうしました？,1376600
上がる,あがる,21,482,0,seen_as_inflected_form_in_flashcard_text,4,3,pokemon-scarlet-violet:term:経験値(けいけんち) via inflected/text 上がっ | pokemon-scarlet-violet:term:回避率(かいひりつ) via inflected/text 上がり | pokemon-scarlet-violet:term:能力変化(のうりょくへんか) via inflected/text 上がっ,"to rise,to go up,to come up,to ascend,to be raised,to enter (esp. from outdoors),to come in,to go in,to enter (a school),to advance to the next grade,to get out (of water),to come ashore,to be washed ashore,to float atop the water,to surface from the sea (e.g. of a corpse),to rise to the surface,to increase,to be raised (e.g. of a salary),to rise,to improve,to make progress,to be promoted,to advance,to be made (of profit, etc.),to occur (esp. of a favourable result),to be adequate (to cover expenses, etc.),to be finished,to be done,to be over,to stop (of rain),to clear up (of weather),to stop (working properly),to cut out,to give out,to die,to win (in a card game, etc.),to be spoken loudly,to be raised loudly (of a voice),to get nervous,to get stage fright,to be offered (to the gods, etc.),to go,to visit,to eat,to drink,to serve (in one's master's home),to enter a red light district,to amuse oneself in a red light district,to visit a brothel,to arise vigorously (e.g. of voices in excitement),to become excited,to be in uproar (e.g. of a crowd),to be complete,to finish,adds the connotation of an action happening strongly or violently,above,north of",観客のボルテージが**上がる**ほどライトアップするシステムだ！,1352290
止める,とめる,20,392,3,seen_as_inflected_form_in_flashcard_text,4,2,duel-masters-dm25:term:ベイビーポンの助(べいびーぽんのすけ) via inflected/text 止めら | pokemon-scarlet-violet:term:侵入者(しんにゅうしゃ) via inflected/text 止めら,"to stop,to turn off,to park,to prevent,to suppress (a cough),to hold back (tears),to hold (one's breath),to relieve (pain),to stop (someone from doing something),to dissuade,to forbid,to prohibit,to notice,to be aware of,to concentrate on,to pay attention to,to remember,to bear in mind,to fix (in place),to fasten,to tack,to pin,to nail,to button,to staple,to detain,to keep in custody",,1310670
変える,かえる,18,460,0,seen_as_inflected_form_in_flashcard_text,4,6,pokemon-scarlet-violet:term:見た目(みため) via inflected/text 変えます | pokemon-scarlet-violet:term:戦略(せんりゃく) via inflected/text 変えます | pokemon-scarlet-violet:term:プロフィール(プロフィール) via inflected/text 変えます | pokemon-scarlet-violet:term:組み合わせ(ぐみみあわせ) via inflected/text 変えます | pokemon-scarlet-violet:term:表情(ひょうじょう) via inflected/text 変えます | pokemon-scarlet-violet:term:雰囲気(ふんいき) via inflected/text 変えます,"to change,to alter,to transform,to convert,to turn,to vary,to reform,to revise,to amend",勝負の最中流れるように色彩を**変える**独創的なグラデーション！,1510650
怒る,おこる,17,394,2,seen_as_inflected_form_in_flashcard_text,4,1,pokemon-scarlet-violet:term:別に(べつに) via inflected/text 怒っ,"to get angry,to get mad,to lose one's temper,to scold,to tell (someone) off",・ほめること・**怒る**こと・甘やかすことほめること怒ること甘やかすこと５みんな大好き言語学！,1445690
動く,うごく,17,263,2,seen_as_inflected_form_in_flashcard_text,4,6,duel-masters-dm25:term:デスパペット(ですぱぺっと) via inflected/text 動き | gundam-arsenal-base:term:イモータルジャスティスガンダム(いもーたるじゃすてぃすがんだむ) via inflected/text 動か | pokemon-scarlet-violet:term:状態異常(じょうたいいじょう) via inflected/text 動け | pokemon-scarlet-violet:term:ライド(ライド) via inflected/text 動こ | pokemon-scarlet-violet:term:優先度(ゆうせんど) via inflected/text 動け | pokemon-scarlet-violet:term:動き方(うごきかた) via inflected/text 動き,"to move,to stir,to shift,to shake,to swing,to operate,to run,to go,to work,to make a move,to take action,to act,to go into action,to be touched,to be influenced,to change,to vary,to fluctuate,to waver,to be transferred",あの車モドキ全然**動かなかった**なスターモービルね！,1451210
落ちる,おちる,16,419,2,seen_as_inflected_form_in_flashcard_text,4,1,duel-masters-dm25:grammar:そうでなければ(そうでなければ) via inflected/text 落ちた,"to fall,to drop,to come down,to crash,to collapse,to cave in,to give way,to set (of the sun or moon),to sink,to dip,to go down,to decrease (of popularity, quality, speed, sales, etc.),to fall,to drop,to go down,to decline,to deteriorate,to abate (of wind),to be inferior (to),to be not as good (as),to fall short (of),to come off (of dirt, paint, makeup, etc.),to come out (of a stain),to fade (of colour),to be removed (of an illness, possessing spirit, etc.),to disappear (of excess fat),to become thinner,to become leaner,to be left out,to be omitted,to be missing,to fail (an exam),to lose (a contest, election, etc.),to be unsuccessful,to decline (of morals, character, etc.),to become vulgar (e.g. of a conversation),to stoop (to),to sink (so low),to be ruined,to go under,to fall (into hell),to fall (in love, asleep, etc.),to fall (into someone's hands),to be accepted (of a bid),to be won (of a tender),to be honoured (of a bill),to fall into (a trap),to fall for (a trick),to give in,to confess,to own up,to come to (a conclusion, topic, etc.),to arrive at (in the end),to leave (a city, castle, etc.),to (be defeated and) flee,to sink in,to be accepted (in one's heart),to fall (to the enemy),to be defeated,to come in (of money),to fall (upon; of light, a shadow, one's gaze, etc.),to pass out (in judo),to fall unconscious,to go down (of a website, server, etc.),to crash,to log out (of an online game, chat room, etc.),to drop out,to leave,to go offline,to move to deeper water (of a fish in cold weather),to die (of an animal)",水場学校の先生**落ちている**もの先ほどいったように水場があれど食材がないので料理はできぬ設定なのだ…。,1548550
当たる,あたる,15,649,0,seen_as_inflected_form_in_flashcard_text,4,1,web-giapponese:term:代用(だいよう) via inflected/text 当たら,"to be hit,to strike,to touch,to be in contact,to be affixed,to be equivalent to,to be applicable,to apply to,to be right on the money (of a prediction, criticism, etc.),to be selected (in a lottery, etc.),to win,to be successful,to go well,to be a hit,to face,to confront,to lie (in the direction of),to undertake,to be assigned,to be stricken (by food poisoning, heat, etc.),to be afflicted,to be called on (e.g. by a teacher),to treat (esp. harshly),to lash out at,to be unnecessary,to be hitting well,to be on a hitting streak,to feel a bite (in fishing),(of fruit, etc.) to be bruised,to spoil,to feel (something) out,to probe into,to check (i.e. by comparison),to shave,to be a relative of a person,to be a ... in relation to ...,to stand in a relationship",・９個・１０個・１１個４通常ポケモンの技が急所に**当たる**確率は？,1448810
呼ばれる,よばれる,14,1949,0,seen_as_inflected_form_in_flashcard_text,4,1,pokemon-scarlet-violet:term:学籍番号(がくせきばんごう) via inflected/text 呼ばれて,"to be called out,to be called (a name),to be referred to as,to be invited (to),to be summoned,to be called,to be sent for,to be treated to (a meal, drink, etc.)",絶対零度トリックと**呼ばれる**あの選手がフリッジタウン大会でも見事優勝！,1631030
続く,つづく,14,431,0,seen_as_inflected_form_in_flashcard_text,4,6,duel-masters-dm25:grammar:あれば / ～であれば(あれば / であれば) via inflected/text 続き | duel-masters-dm25:grammar:～ていなければ(ていなければ) via inflected/text 続け | pokemon-scarlet-violet:term:続ける(つづける) via inflected/text 続け | pokemon-scarlet-violet:term:勝率(しょうりつ) via inflected/text 続け | pokemon-scarlet-violet:term:引き続き(ひきつづき) via inflected/text 続き | pokemon-scarlet-violet:term:かわいがる(かわいがる) via inflected/text 続き,"to continue,to last,to go on,to continue (without a break),to be unbroken,to occur again and again,to lead to,to connect to,to adjoin,to come after,to follow,to succeed,to rank next to,to hold out,to keep,to last",このまま不登校が**続けば**シュウメイ殿は退学処分なんでしょ…。？,1405790
聞こえる,きこえる,14,346,0,seen_as_inflected_form_in_flashcard_text,4,1,pokemon-scarlet-violet:term:鳴き声(なきごえ) via inflected/text 聞こえた,"to be heard,to be audible,to reach one's ears,to sound (like),to come across (as),to be well known,to be famous,to accept (someone's words),to agree,to understand",,1591150
使える,つかえる,13,730,0,seen_as_inflected_form_in_flashcard_text,4,2,duel-masters-dm25:term:G・ストライク(がーどすとらいく) via inflected/text 使えない | duel-masters-dm25:grammar:～なければ ... ない via inflected/text 使えない,"to be usable,to be serviceable,to be useful",テラスタルするとしばらく**使えない**からポケモンセンターでチャージしてね！,1607180
集まる,あつまる,12,699,3,seen_as_inflected_form_in_flashcard_text,4,1,pokemon-scarlet-violet:term:組(くみ) via inflected/text 集まっ,"to gather,to collect,to assemble",,1333550
送る,おくる,12,372,0,seen_as_inflected_form_in_flashcard_text,4,1,pokemon-scarlet-violet:term:ボックス(ボックス) via inflected/text 送ろ,"to send,to dispatch,to forward,to transmit,to ship,to remit,to see (someone) off,to escort,to accompany,to take,to bid farewell to (the departed),to say goodbye to,to bury,to spend (time),to pass,to lead (a life),to live,to pass (on, along),to advance (a runner),to affix (okurigana)",,1402730
気づく,きづく,11,869,2,seen_as_inflected_form_in_flashcard_text,4,1,duel-masters-dm25:term:裁きの紋章(さばきのもんしょう) via inflected/text 気づき,"to notice,to realize,to realise,to become aware (of),to perceive,to sense,to suspect,to regain consciousness,to come to (one's senses),to come round",そんな折ハッさんと出会い小さな自分に**気づかされたり**まあいろいろふっきれたのだ！,1591330
深い,ふかい,11,698,2,seen_as_inflected_form_in_flashcard_text,4,1,pokemon-scarlet-violet:term:知れる(しれる) via inflected/text 深く,"deep,profound,dense,thick,close (relationship),intense,strong,late",上に行きたければ昇降機の前で待っとればええぞいここから先は**深く**なってるよ！,1362640
多く,おおく,11,1188,1,seen_as_inflected_form_in_flashcard_text,4,4,duel-masters-dm25:term:グランセクト(ぐらんせくと) via inflected/text 多い | duel-masters-dm25:term:ラビリンス(らびりんす) via inflected/text 多い | duel-masters-dm25:grammar:自分のシールドの数が相手より多ければ(じぶんのしーるどのかずがあいてよりおおければ) via inflected/text 多け | pokemon-scarlet-violet:term:校長室(こうちょうしつ) via inflected/text 多い,"many,much,plenty,a lot,majority (of),greater part (of),mostly,mainly,chiefly,usually,often",正体に関しては**多く**の説があるが超古代文明の産物という説が有力。,1861770
遊ぶ,あそぶ,11,543,0,seen_as_inflected_form_in_flashcard_text,4,1,pokemon-scarlet-violet:grammar:～ばっかり via inflected/text 遊ん,"to play (games, sports),to enjoy oneself,to have a good time,to mess about (with alcohol, gambling, philandery, etc.),to be idle,to do nothing,to be unused,to meet up (with friends),to hang out,to give oneself up (to gambling, drinking, etc.),to go to (for pleasure or for study),to tease (someone),to play (with),to intentionally throw a ball to lower the batter's concentration",,1542160
光る,ひかる,10,2062,2,seen_as_inflected_form_in_flashcard_text,4,1,pokemon-scarlet-violet:term:調べる(しらべる) via inflected/text 光っ,"to shine,to glitter,to be bright",**光って**テラスタルオーブ！,1272820
授業を受ける,じゅぎょうをうける,10,12395,,seen_as_inflected_form_in_flashcard_text,4,5,pokemon-scarlet-violet:term:授業(じゅぎょう) via inflected/text 授業を受けます | pokemon-scarlet-violet:term:学園(がくえん) via inflected/text 授業を受けます | pokemon-scarlet-violet:term:歴史(れきし) via inflected/text 授業を受けます | pokemon-scarlet-violet:term:生物(せいぶつ) via inflected/text 授業を受けます | pokemon-scarlet-violet:term:単位(たんい) via inflected/text 授業を受けて,to take a class,さん校長室にようこそたまには学校に戻って**授業を受ける**のもいいですよね授業といえば…。,1330300
町,まち,76,1439,1,seen_only_in_flashcard_text,5,6,pokemon-scarlet-violet:term:〜のヒント(〜のヒント) via card text/example/notes | pokemon-scarlet-violet:term:案内(あんない) via card text/example/notes | pokemon-scarlet-violet:term:巡る(めぐる) via card text/example/notes | pokemon-scarlet-violet:term:迷子(まいご) via card text/example/notes | pokemon-scarlet-violet:term:被害(ひがい) via card text/example/notes | pokemon-scarlet-violet:grammar:～について via card text/example/notes,"town,block,neighbourhood,neighborhood,downtown,main street,street,road",～シティと呼ばれる**町**はパルデア地方に３つある！,1603990
ＬＰ,エルピー,57,66615,3,seen_only_in_flashcard_text,5,4,pokemon-scarlet-violet:term:足りない / 足りません(たりない / たりません) via card text/example/notes | pokemon-scarlet-violet:term:支払い(しはらい) via card text/example/notes | pokemon-scarlet-violet:term:わざマシン(わざマシン) via card text/example/notes | pokemon-scarlet-violet:grammar:～てあげる via card text/example/notes,"LP (record),long-playing record,long-play record,linear programming,line printer,laser printer,Liberal Party",……もう帰ってくれよこんなに続けてカチこまれてももう出せる**ＬＰ**ないから！,2039710
私,わたし,55,29,0,seen_only_in_flashcard_text,5,1,pokemon-scarlet-violet:term:苦手(にがて) via card text/example/notes,"I,me",オレはまだ燃えッカスになってねぇんだよ**私**こそがスター団のカシオペア！,1311110
今日,きょう,51,93,1,seen_only_in_flashcard_text,5,10,gundam-arsenal-base:term:MY PAGE(まいぺーじ) via card text/example/notes | pokemon-scarlet-violet:term:調子(ちょうし) via card text/example/notes | pokemon-scarlet-violet:term:転入(てんにゅう) via card text/example/notes | pokemon-scarlet-violet:term:お疲れさまです(おつかれさまです) via card text/example/notes | pokemon-scarlet-violet:term:寮生活(りょうせいかつ) via card text/example/notes | pokemon-scarlet-violet:grammar:から via card text/example/notes | pokemon-scarlet-violet:grammar:～つもりだ via card text/example/notes | pokemon-scarlet-violet:grammar:～ことにする via card text/example/notes,"today,this day,these days,recently,nowadays",**今日**はどこのサンドウィッチ屋さんで食べようかな？,1579110
少し,すこし,50,123,2,seen_only_in_flashcard_text,5,6,pokemon-scarlet-violet:term:〜してくれる？(〜してくれる？) via card text/example/notes | pokemon-scarlet-violet:term:〜してくれない？(〜してくれない？) via card text/example/notes | pokemon-scarlet-violet:term:〜してもらえる？(〜してもらえる？) via card text/example/notes | pokemon-scarlet-violet:grammar:～ようにする via card text/example/notes | pokemon-scarlet-violet:grammar:～てください via card text/example/notes | pokemon-scarlet-violet:grammar:～てあげる via card text/example/notes,"a little,a bit,a small amount,a few,some,slightly,somewhat,a little while,a short time,a moment,a minute,a little way,a short distance",お待ちくださいさんのポケモンは**少し**お疲れのようですよごめーん！,1348870
大穴,おおあな,48,16557,0,seen_only_in_flashcard_text,5,2,pokemon-scarlet-violet:term:この先(このさき) via card text/example/notes | pokemon-scarlet-violet:term:立ち入り(たちいり) via card text/example/notes,"large hole,big deficit,heavy losses,long-shot win (in horse racing, etc.),big winnings (on a long shot),a killing (made from a bet)",一般人が入れないパルデアの**大穴**にはどんなポケモンがいるんじゃろう？,1643400
宝探し,たからさがし,42,24419,4,seen_only_in_flashcard_text,5,3,pokemon-scarlet-violet:term:伝統行事(でんとうぎょうじ) via card text/example/notes | pokemon-scarlet-violet:grammar:～たり ～たりする via card text/example/notes | pokemon-scarlet-violet:grammar:～とはいっても via card text/example/notes,"treasure hunting,treasure hunt,lucky dip,game involving finding hidden prizes from a sand box, barrel of leaves, etc.",**宝探し**ってまだ続いてるのかなアカデミーは年齢制限なし！,2239300
話,はなし,40,95,3,seen_only_in_flashcard_text,5,13,pokemon-scarlet-violet:term:学校(がっこう) via card text/example/notes | pokemon-scarlet-violet:term:校長(こうちょう) via card text/example/notes | pokemon-scarlet-violet:term:未来(みらい) via card text/example/notes | pokemon-scarlet-violet:term:関係(かんけい) via card text/example/notes | pokemon-scarlet-violet:term:ライバル(らいばる) via card text/example/notes | pokemon-scarlet-violet:term:先輩(せんぱい) via card text/example/notes | pokemon-scarlet-violet:term:用意(ようい) via card text/example/notes | pokemon-scarlet-violet:term:迷子(まいご) via card text/example/notes,"talk,speech,chat,conversation,topic,subject,discussions,negotiation,argument,rumor,talk,hearsay,tale,story,fable,circumstances,particulars",ゲート前で戦った団員だ話をしたくて来てもらった……**話**っていうのは？,1600900
何か,なにか,38,110,1,seen_only_in_flashcard_text,5,1,pokemon-scarlet-violet:term:どうしたの？(どうしたの？) via card text/example/notes,"something,some,any,somehow,for some reason,(so) what (are you trying to say)?,what (do you mean)?",マフィティフと同じでエリアゼロで**何か**に傷つけられたとか？,1188270
初めて,はじめて,37,254,2,seen_only_in_flashcard_text,5,2,pokemon-scarlet-violet:term:素質アリ(そしつあり) via card text/example/notes | pokemon-scarlet-violet:grammar:～づくし via card text/example/notes,"for the first time,only after ... is it ...,only when ... do you ...,not until ... do you ...,first time,(one's) first",未来から来てたってのはオレも**初めて**知った…。,1342550
昔,むかし,34,292,0,seen_only_in_flashcard_text,5,2,gundam-arsenal-base:term:EXバトル(いーえっくすばとる) via card text/example/notes | pokemon-scarlet-violet:term:手書き(てがき) via card text/example/notes,"the old days,the past,former times,a long time ago,the past ten years,the past decade",**昔**母ちゃんに会おうとしてパルデアの大穴に来たとき…。,1382370
大きな,おおきな,29,425,1,seen_only_in_flashcard_text,5,1,pokemon-scarlet-violet:term:急所(きゅうしょ) via card text/example/notes,"big,large,great",……勝手に入るのはやめておこう**大きな**花瓶に大きな植物！,1412890
部屋,へや,29,276,2,seen_only_in_flashcard_text,5,2,pokemon-scarlet-violet:term:学生寮(がくせいりょう) via card text/example/notes | pokemon-scarlet-violet:grammar:～ように言われる via card text/example/notes,"room,chamber,apartment,flat,pad,stable",自分の**部屋**より教室で勉強するほうがはかどるね夜だとゴーストタイプのポケモン多くない？,1499320
戦い,たたかい,24,1349,0,seen_only_in_flashcard_text,5,2,pokemon-scarlet-violet:term:戦う(たたかう) via card text/example/notes | pokemon-scarlet-violet:term:チーム(ちーむ) via card text/example/notes,"battle,war,fight,conflict,fight (against time, poverty, etc.),struggle (for freedom, survival, etc.),war (e.g. on drugs),battle (e.g. against nature),contest,competition,match,game",チャンピオンネモ相手にここまでの**戦い**ぶり…。,1596950
店,みせ,20,644,0,seen_only_in_flashcard_text,5,5,pokemon-scarlet-violet:term:買う(かう) via card text/example/notes | pokemon-scarlet-violet:term:売る(うる) via card text/example/notes | pokemon-scarlet-violet:term:支払い(しはらい) via card text/example/notes | pokemon-scarlet-violet:grammar:ます / 辞書形 via card text/example/notes | pokemon-scarlet-violet:grammar:～そうだ (si dice) via card text/example/notes,"store,shop,establishment,restaurant",この**店**でいろいろ見れるわよ果物にお野菜にライスまでそろってる！？,1582120
倍,ばい,20,2196,"0,1",seen_only_in_flashcard_text,5,1,web-giapponese:term:星属性(ほしぞくせい) via card text/example/notes,"double,twice (as much),times (as much),-fold,1-nth,1 to n,1 in n",１５０だとタイプ一致の１．５**倍**しかかけ算されてないみたいんー惜しい！,1473230
４つ,よっつ,18,6217,"3,0",seen_only_in_flashcard_text,5,1,duel-masters-dm25:term:合計(ごうけい) via card text/example/notes,"four,4,four years of age,ten o'clock (in the old time system),burakumin,cross grips",・２つ・３つ・**４つ**４パルデア十景で１００万ボルトの夜景と呼ばれている町の名前は？,1307040
お金,おかね,18,687,0,seen_only_in_flashcard_text,5,1,pokemon-scarlet-violet:term:足りない / 足りません(たりない / たりません) via card text/example/notes,money,世の中なんでも**お金**でことが運ぶわけではないんだ！,1001820
お店,おみせ,16,1245,0,seen_only_in_flashcard_text,5,1,pokemon-scarlet-violet:term:支払い(しはらい) via card text/example/notes,"store,shop,establishment,restaurant",先代から引き継いだ**お店**を切り盛りするのは店長のカエデさん！,2842661
長い,ながい,15,389,2,seen_only_in_flashcard_text,5,3,gundam-arsenal-base:term:シン・アスカ(しんあすか) via card text/example/notes | pokemon-scarlet-violet:term:回復(かいふく) via card text/example/notes | pokemon-scarlet-violet:term:買いだめ(かいだめ) via card text/example/notes,"long (distance, length),long (time),protracted,prolonged",……ハッサクさんの説教**長い**んですよね四天王ハッサクに挑みますか？,1429750
もう一度,もういちど,14,548,,seen_only_in_flashcard_text,5,2,duel-masters-dm25:term:行う(おこなう) via card text/example/notes | pokemon-scarlet-violet:term:確認する(かくにんする) via card text/example/notes,"once more,again",とりあえず**もう一度**ジム行って新しいポケモン鍛えよっかな！,2005860
仕事,しごと,14,207,0,seen_only_in_flashcard_text,5,2,gundam-arsenal-base:term:殲滅(せんめつ) via card text/example/notes | gundam-arsenal-base:term:PLスキル(ぴーえるすきる) via card text/example/notes,"work,job,labor,labour,business,task,assignment,occupation,employment,work",世の中にはいろんな**仕事**があるんだなあ！,1304970
３つ,みっつ,13,2760,"3,0",seen_only_in_flashcard_text,5,3,duel-masters-dm25:term:合計(ごうけい) via card text/example/notes | duel-masters-dm25:term:異なる(ことなる) via card text/example/notes | pokemon-scarlet-violet:term:まだ(まだ) via card text/example/notes,"three,three years of age",～シティと呼ばれる町はパルデア地方に**３つ**ある！,1299740
お礼,おれい,13,973,0,seen_only_in_flashcard_text,5,1,pokemon-scarlet-violet:term:プレゼント(プレゼント) via card text/example/notes,"thanks,gratitude,manners,etiquette,bow,reward,gift,ceremony,ritual",ちょっと強いの出しすぎちゃったいやー実りあったいい勝負だったね勝負の**お礼**にこれ受けとって！,1270810
段階,だんかい,13,2586,0,seen_only_in_flashcard_text,5,2,duel-masters-dm25:term:試練の塔(しれんのとう) via card text/example/notes | pokemon-scarlet-violet:term:階段(かいだん) via card text/example/notes,"stage,step,phase,level,rank,grade,gradation,order,stairs",,1419950
毎日,まいにち,13,563,"1,0",seen_only_in_flashcard_text,5,2,pokemon-scarlet-violet:grammar:～ようにする via card text/example/notes | pokemon-scarlet-violet:grammar:～づくし via card text/example/notes,"every day,daily",**毎日**が楽しいよみんないきいきしてる学校行ってみたよ授業受けてきたんだＳＴＣサイコー！,1524720
ＰＰ,ピーピー,12,64376,1,seen_only_in_flashcard_text,5,1,pokemon-scarlet-violet:term:どの 技を 回復する？(どの わざを かいふくする) via card text/example/notes,"producer's price,PP,polypropylene,PP",ポケモンは戦うことができなくなるそれでは**ＰＰ**がなくなるとポケモンはどうなってしまうのだ？,2827729
買いもの,かいもの,12,46724,0,seen_only_in_flashcard_text,5,1,pokemon-scarlet-violet:grammar:～てあげる via card text/example/notes,"shopping,purchased goods",今日はわたしが大好きなお**買いもの**をテーマに数字をお勉強していきましょう！,1589730
記憶,きおく,11,856,0,seen_only_in_flashcard_text,5,1,pokemon-scarlet-violet:term:自称(じしょう) via card text/example/notes,"memory,recollection,remembrance,memory,storage",……あなたの**記憶**をたよりにスマホカバーを作ってあげましょうわっせわっせ！,1223150
同士,どうし,11,1215,1,seen_only_in_flashcard_text,5,1,pokemon-scarlet-violet:term:ご近所(ごきんじょ) via card text/example/notes,"fellow,mutual,companion,comrade",もうライバル**同士**だもん心置きなく勝負できる！,1452400
状況,じょうきょう,10,551,0,seen_only_in_flashcard_text,5,1,pokemon-scarlet-violet:term:管理(かんり) via card text/example/notes,"state of affairs,situation,conditions,circumstances",今はとにかくこの**状況**を解決しないと！,1356700
秘伝,ひでん,31,18947,0,defined_without_flashcard,6,1,pokemon-scarlet-violet:term:秘伝(ひでん) [no-card] via entry/front exact,"secret (recipe, medicine, etc.),mysteries (e.g. of an art)",**秘伝**スパイスのときのアイツももともとはエリアゼロにいたのかもないいなー！,1484100
円,えん,75,975,"0,1",objectively_absent,9,0,,"yen (currency of Japan),circle",２０００**円**で２００円のモンスターボールは１０個買うことができますが！,1175570
年,ねん,51,210,1,objectively_absent,9,0,,"year,counter for years (e.g. of an era), grades (e.g. school),period of an apprentice's contract (usu. ten years)",・約１０００**年**前・約２０００年前・約３０００年前４この学校は創立何年？,2084840
感じる,かんじる,44,297,0,objectively_absent,9,0,,"to feel,to sense,to experience,to be moved (by),to be touched (by),to be impressed (by),to respond (to),to become infected with (an illness),to catch",タイプ相性突いてくるね勝ちへのこだわり**感じる**よ！,1212260
父ちゃん,とうちゃん,35,9984,1,objectively_absent,9,0,,"dad,daddy,papa,pa,pop",なんかかわいそうだなボタちゃんの**父ちゃん**やーめーろー！,2519060
母ちゃん,かあちゃん,34,6170,1,objectively_absent,9,0,,"mum,mom,mummy,mommy,wifey,dear,missus",昔**母ちゃん**に会おうとしてパルデアの大穴に来たとき…。,2399270
１匹,いっぴき,33,8768,4,objectively_absent,9,0,,"one (small animal),two-tan bolt of cloth",ポケモンの性格人間と同じでポケモンにも**１匹**１匹に性格があります。,1166060
悪い,わるい,32,122,2,objectively_absent,9,0,,"bad,poor,undesirable,poor (quality),inferior,insufficient,evil,sinful,ugly,not beautiful,at fault,to blame,in the wrong,bad (at doing something),unprofitable,unbeneficial,sorry,(my) bad,unforgivable",あの子最近入ったんだけどかなり態度**悪い**んだよね…。,1151260
美術,びじゅつ,32,12834,1,objectively_absent,9,0,,"art,fine arts",**美術**担当のハッサクですよろしくお願いしますですよ……そもそも美術とは！,1486440
殿,どの,27,5067,0,objectively_absent,9,0,,"Mr.,Mrs.,Miss,Ms.",どうしてもあんたに会って直接話がしたいそうだシュウメイ**殿**聞いて！,1442500
素晴らしい,すばらしい,26,2266,4,objectively_absent,9,0,,"wonderful,splendid,magnificent",ポケモンが嫉妬するほどの**素晴らしい**造形だ…。,1397300
本日,ほんじつ,26,1136,1,objectively_absent,9,0,,"today,this day",**本日**はどのようにしてお越しくださったんですか？,1523110
疲れる,つかれる,24,691,3,objectively_absent,9,0,,"to get tired,to tire,to get fatigued,to become exhausted,to grow weary,to become worn out (of a well-used object),to starve",さんもさんも**疲れて**おいでですよあすみません興奮しちゃってついつい…。,1483740
報告,ほうこく,24,846,0,objectively_absent,9,0,,"report,information",キミが敵だと確信したのでわたしは**報告してきまーす**！,1515670
皆さん,みなさん,23,600,2,objectively_absent,9,0,,"all,everyone,everybody",**皆さん**お疲れさまでしたどの試合もトレーナーとポケモンの絆が光る目の離せない勝負ばかり…。,1202170
気になる,きになる,23,437,,objectively_absent,9,0,,"to weigh on one's mind,to bother one,to worry about,to be concerned about,to care about,to feel uneasy,to be anxious,to be interested (in),to be curious (about),to wonder (about),to catch one's eye,to feel like (doing),to feel inclined to,to bring oneself to (do)",アジトを見張ってたんだが急に騒がしくなったんでなこっちで何かあったのかと**気になって来た**んだが…。,1221690
貴方,あなた,23,5732,"2,1",objectively_absent,9,0,,"you,dear,honey",この程度であせる**貴方**ではないでしょうに？,1223615
貴様,きさま,23,1627,0,objectively_absent,9,0,,"you,you bastard,you son of a bitch,you",最後はサービス問題だ**貴様**たちの点稼ぎポイントさぞかし楽勝だったろう？,1223620
災い,わざわい,23,8458,0,objectively_absent,9,0,,"disaster,calamity,misfortune,trouble,woes",ククッある意味宝探しだな**災い**の宝ではあるが気が向いたら調査してくれレホール先生から信頼を感じる！,1295080
小生,しょうせい,23,39809,1,objectively_absent,9,0,,"I,me,my humble self",**小生**は猛烈に感動じでいま゛ず！,1348390
噂,うわさ,22,1498,0,objectively_absent,9,0,,"rumour,rumor,report,hearsay,gossip,common talk",宇宙人の科学兵器ではないかという**噂**もあるが真相は不明。,1172590
言語学,げんごがく,22,72453,3,objectively_absent,9,0,,linguistics,・ほめること・怒ること・甘やかすことほめること怒ること甘やかすこと５みんな大好き**言語学**！,1264430
氏,し,22,3799,1,objectively_absent,9,0,,"Mr,Mrs,Ms,Miss,clan,he,him,counter for people",**氏**さぁもうちょっとボクを立ててもいいんじゃない？,2101130
食う,くう,21,556,1,objectively_absent,9,0,,"to eat,to live,to make a living,to survive,to bite,to sting (as insects do),to tease,to torment,to taunt,to make light of,to make fun of,to encroach on,to eat into,to consume,to defeat a superior,to threaten a position,to consume time,to consume resources,to receive something (usu. an unfavourable event),to have sexual relations with a woman, esp. for the first time",ちょっとわからないわ宝食堂にはあっと驚くしかけがあるらしいぞいオラこんなうめえ料理**食った**のは初めてだ！,1592100
信じる,しんじる,21,295,"3,0",objectively_absent,9,0,,"to believe,to believe in,to place trust in,to confide in,to have faith in",まったく関知できていなかった自分が恥ずかしいですフッスター団のみが至宝と**信じてきた**が…。,1359040
人間,にんげん,21,184,0,objectively_absent,9,0,,"human being,human,person,man,mankind,humankind,character (of a person)",ポケモンの性格**人間**と同じでポケモンにも１匹１匹に性格があります。,1366770
解散,かいさん,20,3393,0,objectively_absent,9,0,,"breaking up (a meeting, gathering, etc.),dispersal (e.g. of a crowd),dissolution (of a company, organization, etc.),winding-up,disbandment,split-up,dissolution (of the Diet, Parliament, etc.)",,1199000
楽しみ,たのしみ,20,909,"3,4,0",objectively_absent,9,0,,"enjoyment,pleasure,amusement,delight,joy,fun,diversion,hobby,anticipation,looking forward to,something to look forward to",わたしが一番**楽しみ**なんだよ舞台は整った！,1207250
機械,きかい,20,2673,2,objectively_absent,9,0,,"machine,mechanism,instrument,appliance,apparatus",あれはポケモンってよりもっと鉄っぽい**機械みてえ**な…。,1220810
雪山,ゆきやま,20,23784,0,objectively_absent,9,0,,"snowy mountain,permanently snow-covered mountain,pile of snow",くわしいルールは当ジムを出て左手の坂をのぼった先**雪山**すべり開始地点で説明しますねようこそナッペ山ジムへ！,1842240
優しい,やさしい,20,464,"0,3",objectively_absent,9,0,,"tender,kind,gentle,graceful,affectionate,amiable",いつもおおらかで**優しい**けどジムリーダーのときはかっこいいの！,1539040
２倍,にばい,19,12882,0,objectively_absent,9,0,,"double,twice (as much),twofold",２００だと弱点の**２倍**しかかけ算されてないみたい頭の中で計算さすがね！,1462920
教師,きょうし,19,2698,1,objectively_absent,9,0,,"teacher,instructor",バトル学**教師**として負けるわけにはいかない悪いが本気を出させてもらうよ！,1237130
広場,ひろば,19,5805,1,objectively_absent,9,0,,"public square,square,plaza,piazza,forum,open space,clearing",そういうわけでテーブルシティ中央**広場**！,1278590
掟,おきて,19,11316,0,objectively_absent,9,0,,"law,regulation,rule,code,agreement,arrangement,compact,legislation",まずスター大作戦のことあとは団の**掟**だね最近仲間増えてるじゃん？,1567460
ＡＩ,エーアイ,18,16022,3,objectively_absent,9,0,,"artificial intelligence,AI",,2222190
この前,このまえ,18,1117,3,objectively_absent,9,0,,"the other day,previously,before,earlier,recently,last time,last (Sunday, summer, etc.),previous (e.g. mayor, chapter),preceding",…………本当は戦りたいけどのポケモン**この前**より強くなってる…。！,2216900
押忍,おっす,18,35398,1,objectively_absent,9,0,,"hi!,yo!,hey man!,hey dude!,yessir!,understood!",１００点目指して**押忍**押忍だ！,1180540
楽しむ,たのしむ,18,631,3,objectively_absent,9,0,,"to enjoy,to take pleasure in,to have a good time,to have fun,to amuse oneself,to look forward to",ハッコウシティ**楽しんでる**？,1207270
競り,せり,18,53237,2,objectively_absent,9,0,,"competing,competition,auction",カラフシティに戻るのはさすがにそらとぶタクシー使っちゃおうかな**競り**で大金はたいちまった潮風が目にしみるぜ！,2599900
芸術,げいじゅつ,18,6777,"0,1",objectively_absent,9,0,,"art,the arts",『**芸術**のより道』という雑誌がある読んでみようか？,1253060
今まで,いままで,18,383,3,objectively_absent,9,0,,"until now,till now,up to now,up to the present,so far",**今まで**英雄だと思われていた存在に一石を投じる事実が判明したのです！,1587590
寝る,ねる,18,323,0,objectively_absent,9,0,,"to sleep (lying down),to go to bed,to lie in bed,to lie down,to sleep (with someone, i.e. have intercourse),to lie flat (e.g. of hair),to lie idle (of funds, stock, etc.),to ferment (of soy sauce, miso, etc.)",昨日オールでゲームしてたしアジトのヤツら絶対**寝てる**…。,1360010
顔,かお,17,119,0,objectively_absent,9,0,,"face,visage,looks,(facial) features,look,(facial) expression,countenance,honor (honour),face,dignity,influence,notoriety,trust,pull,clout,representative,(the) face (of something),trademark,example,members,attendees,lineup,participants,everyone involved,makeup,cosmetics",カラフジムのジムテストはとてもむずかしいのよハイダイさんはこの町の**顔**ね！,1217730
次回,じかい,17,4030,"1,0",objectively_absent,9,0,,next time (occasion),ぜひ仲間と息を合わせてテラスタルシールドを打ち破ってくれ**次回**は中間テストをおこなうぞ！,1316470
誰か,だれか,17,224,1,objectively_absent,9,0,,"someone,somebody",あーあまた**誰か**来ちゃったよスター団の新人ってこんなにめんどいんだ…。,1416840
伝える,つたえる,17,395,"0,3",objectively_absent,9,0,,"to convey,to report,to transmit,to communicate,to tell,to impart,to propagate,to teach,to bequeath",今までわたしがお**伝え**した情報でさんは冒険に必要な知識をすべてご存知になっています！,1441870
美しい,うつくしい,17,941,4,objectively_absent,9,0,,"beautiful,pretty,lovely,sweet,pure (heart, friendship, etc.)",,1486360
物体,ぶったい,17,5969,0,objectively_absent,9,0,,"object,body,solid",奇書バイオレットブックに書かれた謎の**物体**が名前の由来である。,1502680
夜,よる,17,376,1,objectively_absent,9,0,,"night,evening,dinner",自分の部屋より教室で勉強するほうがはかどるね**夜**だとゴーストタイプのポケモン多くない？,1536350
雑誌,ざっし,16,3109,0,objectively_absent,9,0,,"magazine,journal,periodical",『月刊オーカルチャー』という**雑誌**の１０月号がある読んでみようか？,1299400
先ほど,さきほど,16,1380,0,objectively_absent,9,0,,"a short while ago,a moment ago,just now,some time ago",いえきっと彼女は確信しているのでしょうね**先ほど**のジムまでお送りいたしますねどおもどおも！,1388170
欲しい,ほしい,16,352,2,objectively_absent,9,0,,"wanting (to have),desiring,wishing for,I want (you, them, etc.) to (do)",,1547330
会場,かいじょう,15,2843,0,objectively_absent,9,0,,"assembly hall,meeting place,venue,site,grounds",くわしいルールは**会場**にいるスタッフまでおたずねくださいねオリーブころがし会場は町の北のほうにありますよ！,1198660
高める,たかめる,15,4199,3,objectively_absent,9,0,,"to raise,to lift,to boost,to enhance",タイプの威力をもっと**高める**んだ！,1283240
作品,さくひん,15,1902,0,objectively_absent,9,0,,"work (e.g. book, film, painting, composition),piece,production,opus",個性あふれる生徒たちの**作品**がいっぱいかざられている！,1297910
子供,こども,15,498,0,objectively_absent,9,0,,"child,children",『オラチフ』と**子供**の字で書かれてる！,1307850
市場,しじょう,15,7980,1,objectively_absent,9,0,,"market (financial, stock, domestic, etc.),marketplace,exchange,(street) market",お次はマリナードタウンの**市場**で爆買いよ！,1308305
渡す,わたす,15,486,0,objectively_absent,9,0,,"to ferry across (e.g. a river),to carry across,to traverse,to lay across,to build across,to hand over,to hand in,to pass,to give,to transfer",最後大騒ぎだったからクラベル先生**渡し**そびれちゃったって！,1444610
彼女,かのじょ,15,260,1,objectively_absent,9,0,,"she,her,girlfriend",自分謙虚やなぁ**彼女**の名はチリまいど！,1483150
怖い,こわい,15,264,2,objectively_absent,9,0,,"scary,frightening,eerie,dreadful",高いところだから**怖かった**んじゃなかったっけ？,1593480
あの子,あのこ,14,590,2,objectively_absent,9,0,,"that child,that kid,that boy,that girl,that young lady,you",**あの子**最近入ったんだけどかなり態度悪いんだよね…。,2707760
奇書,きしょ,14,113291,"1,2",objectively_absent,9,0,,unusual book,**奇書**バイオレットブックに書かれた謎の物体が名前の由来である。,1777980
最深部,さいしんぶ,14,21549,,objectively_absent,9,0,,"deepest part,deepest portion,depths (of the ocean etc.),innermost",これから**最深部**ワタシの待つゼロラボを目指してもらうわけだが…。,2632170
髪型,かみがた,14,6741,0,objectively_absent,9,0,,"hair style,coiffure,hairdo",イカした**髪型**の飛び入りゲスト？,1954390
未確認,みかくにん,14,26350,2,objectively_absent,9,0,,"unconfirmed,unidentified",パルデア**未確認**ファイル１０太古の文明が生んだロボット！？,2080310
夢,ゆめ,14,334,2,objectively_absent,9,0,,"dream,dream,hope,wish,aspiration,ambition,unrealistic aspiration,daydream,pipe dream,delusion,illusion,fleeting thing,something short-lived",時ハ満ちタ**夢**ノ礎トナリタまエ僕ノ楽園ハ壊セなイ殲滅準備ヲ開始スル…。,1529410
医務室,いむしつ,13,19782,2,objectively_absent,9,0,,"doctor's office,medical office,sickbay",**医務室**で感性診てもらいなよさっきのアレってさ…。,1160090
家族,かぞく,13,537,1,objectively_absent,9,0,,family,つくづくさ変な**家族**だよなーやそんなん…。,1192150
見つかる,みつかる,13,480,0,objectively_absent,9,0,,"to be found,to be discovered",,1604550
才能,さいのう,13,1693,0,objectively_absent,9,0,,"talent,ability",ラッキー飛びこえて**才能**だよ！,1294630
似る,にる,13,495,0,objectively_absent,9,0,,"to resemble,to look like,to be like,to be alike,to be similar,to take after",メロコも**似た**ようなもんでしょ…。,1314600
答える,こたえる,13,587,"3,2",objectively_absent,9,0,,"to answer,to reply",体の部位が**答え**なのですがナッペ山にある三又の崖その名前はナッペの…。？,1449540
彼,かれ,13,304,1,objectively_absent,9,0,,"he,him,boyfriend",**彼**が表彰台から放った言葉にライバルたちもやる気がみなぎる！,1483070
落札,らくさつ,13,37602,0,objectively_absent,9,0,,"successful bid,winning a tender",そちらのお坊ちゃんが**落札しました**！,1548750
祠,ほこら,13,28468,0,objectively_absent,9,0,,"hokora,small wayside shrine",はせまい**祠**に閉じこめられているポケモンを外に出してあげたくはないか？,1581260
以内,いない,12,3444,1,objectively_absent,9,0,,"within,inside of,less than",分**以内**にオレたちのポケモン匹倒せたらボスがお会いになってくれるかもな！,1155180
花,はな,12,1050,2,objectively_absent,9,0,,"flower,blossom,bloom,petal,cherry blossom,beauty,blooming (esp. of cherry blossoms),ikebana,hanafuda,(the) best,glorious,lovely",太陽のような**花**の形をしていていつも微笑んでいる姿が特徴的。,1194500
計算,けいさん,12,2368,0,objectively_absent,9,0,,"calculation,computation,reckoning,counting,adding up,working out,figures,consideration,calculation,estimation,expectation",２００だと弱点の２倍しかかけ算されてないみたい頭の中で**計算**さすがね！,1252140
国,くに,12,868,0,objectively_absent,9,0,,"country,state,region,national government,central government,home (i.e. hometown, home country),province (of Japan),land,earth",ぶっちゃけその**国**の言葉はこんにちはおいしいありがとう３つ言えればなんとかなるし！,1592250
子供たち,こどもたち,12,2929,3,objectively_absent,9,0,,"children,kids",ハロー**子供たち**ようわ博士かビックリしたすまないここってなんで壊れてんですかー！？,1307870
視察,しさつ,12,10165,0,objectively_absent,9,0,,"inspection,observation",トップから頼まれてうちの**視察**に来たって！？,1312040
試験,しけん,12,3327,2,objectively_absent,9,0,,"examination,exam,test,trial,experiment,test",気持ち切り替えて次の**試験**や二次試験は四天王とのポケモン勝負…。,1312350
誰も,だれも,12,332,"0,1",objectively_absent,9,0,,"everyone,anyone,no one,nobody",ポケモントレーナーなら**誰も**があこがれる人なんだー！,1416860
動画,どうが,12,4051,0,objectively_absent,9,0,,"video (esp. digital),video clip,clip,animation,animated cartoon,in-betweens (animation)",いくつかの言葉を合体させたおはこんハロチャオって挨拶する**動画**配信者もいるんだって！,1451290
得る,える,12,884,1,objectively_absent,9,0,,"to get,to earn,to acquire,to procure,to gain,to secure,to attain,to obtain,to win,to understand,to comprehend,to receive something undesirable (e.g. a punishment),to get (ill),to be able to ..., can ...",そちらはニトロチャージから着想を**得た**でござる…。,1588760
不正解,ふせいかい,12,19112,,objectively_absent,9,0,,"incorrect answer,wrong solution,incorrect interpretation",なかなかどうして小賢しい授業をしっかり聞いているようだ……**不正解**！,2563650
８つ,やっつ,11,26384,"2,1",objectively_absent,9,0,,"eight,eight years of age,two o'clock (old time system)",ジムバッジを**８つ**集めたらぜひポケモンリーグの扉を叩いてください。,1583095
引退,いんたい,11,4913,0,objectively_absent,9,0,,retirement,,1169610
開ける,あける,11,435,0,objectively_absent,9,0,,"to open (a door, etc.),to unwrap (e.g. parcel, package),to unlock,to open (for business, etc.),to empty,to remove,to make space,to make room,to move out,to clear out,to be away from (e.g. one's house),to leave (temporarily),to dawn,to grow light,to end (of a period, season),to begin (of the New Year),to leave (one's schedule) open,to make time (for),to make (a hole),to open up (a hole)",……ひとの家の冷蔵庫を勝手に**開ける**のはやめておこう！,1202450
感じ,かんじ,11,356,0,objectively_absent,9,0,,"feeling,sense,impression",……言うと思ったたまに不謹慎なとこあるネモの親ってさどんな**感じ**？,1212250
筋肉,きんにく,11,3383,1,objectively_absent,9,0,,muscle,**筋肉**たくましいかくとうタイプだな！,1241810
緊張,きんちょう,11,1042,0,objectively_absent,9,0,,"tension,strain,nervousness,stress,tensions (between countries, groups, etc.),tonus,muscle tone",テスト本番よりテスト結果を聞くときのほうが**緊張する**…。,1241880
今から,いまから,11,1107,,objectively_absent,9,0,,"from now,from this moment,henceforth",そのときの気持ちになって**今から**イメージトレーニング！,2663180
諸君,しょくん,11,4866,1,objectively_absent,9,0,,"you (people),gentlemen,ladies and gentlemen,my friends,everyone",**諸君**らが服装以外でよくアレンジしているかわいいアレはいったいどうやるのかね？,1344230
信頼,しんらい,11,1696,0,objectively_absent,9,0,,"trust (in),confidence,faith,reliance",あんたたちがそこまで**信頼してる**マジボスってのは一体誰なんだ？,1359730
人生,じんせい,11,585,1,objectively_absent,9,0,,(one's) life,**人生**になくていいものですがあったほうがより楽しいもの！,1368370
体験,たいけん,11,2523,0,objectively_absent,9,0,,"(practical) experience,personal experience,hands-on experience,first-hand experience",誰でもいいんだけどさオレが負けるとかないしフェアリータイプのかわいくないとこじっくり**体験していけば**いいんだ！,1409420
入札,にゅうさつ,11,38186,0,objectively_absent,9,0,,"bid,tender,bidding",自分の持ち金と相談してより高い値段を**入札した**者が商品を買うことができるんだい！,1466180
発見,はっけん,11,1157,0,objectively_absent,9,0,,"discovery,detection,finding",だが過去にウルガモスの化石が**発見された**記録は存在していない。,1477310
補給,ほきゅう,11,7770,0,objectively_absent,9,0,,"supply,supplying,replenishment",運動して３０分以内に栄養を**補給する**と筋肉がつきやすいぞ！,1514510
優秀,ゆうしゅう,11,1729,0,objectively_absent,9,0,,"superior,excellent,brilliant,outstanding",ネモさんは生徒会長でチャンピオンで成績**優秀**！,1539230
優勝,ゆうしょう,11,4299,0,objectively_absent,9,0,,"overall victory,championship,winning the title,(being in) heaven,bliss,perfect contentment",絶対零度トリックと呼ばれるあの選手がフリッジタウン大会でも見事**優勝**！,1539280
誘う,さそう,11,835,3,objectively_absent,9,0,,"to invite,to ask (someone to do),to call (for),to take (someone) along,to tempt,to lure,to entice,to seduce,to induce (tears, laughter, sleepiness, etc.),to arouse (e.g. sympathy),to provoke",みんなで団を作ろうって**誘ってくれた**マジボスって人そのマジボスは今どこに？,1541900
竜,りゅう,11,6168,0,objectively_absent,9,0,,"dragon (esp. a Chinese dragon),naga,semi-divine human-cobra chimera in Hindu and Buddhist mythology,promoted rook",実技テスト最後の砦を守る**竜**ハッサク猛然たる勝負の息吹を身をもって教えてあげましょう！,1629170
４人,よにん,10,2764,"4,0",objectively_absent,9,0,,four people,・３人・**４人**・８人３人４人８人４相手のテラスタルシールドを破るのに有効な行動は？,1985310
お菓子,おかし,10,2549,2,objectively_absent,9,0,,"confections,sweets,candy,cake",茶色でゴツゴツした見た目でまるでいわのような**お菓子**です。,1001710
ご存知,ごぞんじ,10,8053,2,objectively_absent,9,0,,"knowing,being aware (of),(an) acquaintance",リボンやあかしがついているポケモンにできることを**ご存知**ですか？,1593570
やる気,やるき,10,1734,0,objectively_absent,9,0,,"will (to do something),drive,motivation,enthusiasm,eagerness",彼が表彰台から放った言葉にライバルたちも**やる気**がみなぎる！,2005890
壊れる,こわれる,10,1219,3,objectively_absent,9,0,,"to be broken,to break,to fall apart,to collapse,to be destroyed,to be damaged,to break (down),to stop working,to fall through (of a plan, deal, etc.),to collapse,to break down (of a relationship, negotiations, etc.),to be broken off,to be ruined (of an atmosphere, one's image, etc.)",ところがダイオウドウが暴れてしまいなんと壁画が**壊れてしまった**んです！,1199900
楽園,らくえん,10,9563,0,objectively_absent,9,0,,"paradise,Eden",時ハ満ちタ夢ノ礎トナリタまエ僕ノ**楽園**ハ壊セなイ殲滅準備ヲ開始スル…。,1207290
活躍,かつやく,10,2398,0,objectively_absent,9,0,,"activity (esp. energetic or successful),great efforts,active participation,walking about with great vigor",ピリッとホットに**活躍してくれ**！,1208450
興味深い,きょうみぶかい,10,3957,5,objectively_absent,9,0,,"very interesting,of great interest",**興味深イ**未来ノポケモンソノ弱点ヲ理解シテイルノカ？,1238420
現れる,あらわれる,10,671,4,objectively_absent,9,0,,"to appear,to come in sight,to become visible,to come out,to embody,to materialize,to materialise,to be expressed (e.g. emotions),to become apparent (e.g. trends, effects)",,1263510
合格者,ごうかくしゃ,10,32946,"4,3",objectively_absent,9,0,,"successful candidate,successful applicant,person who has passed an exam",ここではジム**合格者**も引き続き喜怒驚楽エクササイズを楽しめるぞ！,1284620
財宝,ざいほう,10,17897,0,objectively_absent,9,0,,treasure,興味深い答えだが本当にあったらオーパーツものだ正解は**財宝**だよそう！,1296990
若い,わかい,10,574,2,objectively_absent,9,0,,"young,youthful,immature,green,low (number),small",,1324300
助かる,たすかる,10,533,3,objectively_absent,9,0,,"to be saved,to be rescued,to survive,to escape harm,to be spared damage,to be helped,to be saved trouble",ちょっと何言ってるかわかんないけど**助かる**ぜ！,1344380
親愛,しんあい,10,12962,0,objectively_absent,9,0,,"deep affection,dear,beloved",**親愛**なるオヌシたち！,1365090
正直,しょうじき,10,624,"3,4",objectively_absent,9,0,,"honest,frank,candid,straightforward,honestly,frankly",**正直**すぎてちょっとビックリ指名手配中のヤツほど違うって言うからね…。！,1377590
生きる,いきる,10,216,2,objectively_absent,9,0,,"to live,to exist,to make a living,to subsist,to be in effect,to be in use,to function,to come to life,to be enlivened,to be safe (in baseball, go, etc.)",,1378520
全員,ぜんいん,10,591,0,objectively_absent,9,0,,"all members,all hands,everyone,everybody,whole crew",来たねチャンピオン同士のポケモン勝負噂を聞きつけてみんなも集まってきたみたいここにいる**全員**！,1394840
隊,たい,10,4433,1,objectively_absent,9,0,,"party,group,crew,team,body,company (of troops),corps,unit,squad",エリアゼロ冒険団エリアゼロ観測**隊**エリアゼロ調査隊……不正解！,1956610
団員,だんいん,10,23911,0,objectively_absent,9,0,,group member,ゲート前で戦った**団員**だ話をしたくて来てもらった……話っていうのは？,1419180
同胞,どうほう,10,11810,"0,2",objectively_absent,9,0,,"brethren,brothers,fellow countrymen,fellowman,compatriot",シュウメイ殿にはスター団以外にもぼくっていう**同胞**がいるんだって！,1582360
特訓,とっくん,10,6311,0,objectively_absent,9,0,,"special training,intensive training,crash course",手を抜いたら**特訓**にならないし！,1454850
突然,とつぜん,10,608,0,objectively_absent,9,0,,"abrupt,sudden,unexpected",**突然**ですがセイジの！,1457040
悩む,なやむ,10,1102,2,objectively_absent,9,0,,"to be worried,to be troubled",……とりあえず店に入って**悩む**かな冷え性にはぶあつい靴下がいいの！,1469870
半分,はんぶん,10,1082,"3,0",objectively_absent,9,0,,half,**半分**になる変わらない２倍になるあら逆転の発想ね！,1479890
彼ら,かれら,10,965,1,objectively_absent,9,0,,"they,them",それは大ニュースですよ今も**彼ら**はいますか？,1483090
悲しい,かなしい,10,1005,"0,3",objectively_absent,9,0,,"sad,miserable,unhappy,sorrowful,sad,lamentable,deplorable,grievous",お返事ないとサッドネスワシ**悲しく**なってしまうね前のレッスンではいろんな国の『おいしい』を教えたよね！,1483190
分秒,ふんびょう,10,124066,0,objectively_absent,9,0,,moment,我のほうが学ばせてもらったかいやはやお疲れさまでスターでござる今回殿が匹打倒に費やした時間は**分秒**！,1504150
保健,ほけん,10,19613,0,objectively_absent,9,0,,"preservation of health,hygiene,sanitation,health education (school subject)",そんときはビシバシ**保健**教えてあげるよ！,1513410
暮らす,くらす,10,758,0,objectively_absent,9,0,,"to live (on, by, etc.),to lead a life,to get along,to get by,to make a living,to earn a livelihood,to spend one's time (doing),to pass one's days (doing),to live,to get on (doing),to do daily,to do all day long,to continue doing",しばらく博士ともう１匹とエリアゼロで**暮らしてた**んだよね？,1514940
名物,めいぶつ,10,8195,1,objectively_absent,9,0,,"famous product,special product,speciality,specialty",ケツに火がついちまったさすがにやるじゃねえかアカデミー**名物**地獄の階段！,1531810
理解,りかい,10,707,1,objectively_absent,9,0,,"understanding,comprehension,appreciation,sympathy",興味深イ未来ノポケモンソノ弱点ヲ**理解**シテイルノカ？,1549910
